,danceability,energy,key,loudness,mode,speechiness,acousticness,instrumentalness,liveness,valence,tempo,genre
0,0.705,0.483,1,-12.209,1,0.0542,0.15,0.0265,0.202,0.713,122.863,blues
1,0.728,0.054,11,-22.557,0,0.038,0.91,0.048,0.12,0.425,78.033,blues
2,0.633,0.625,0,-10.951,1,0.0436,0.492,0.000418,0.204,0.841,103.355,blues
3,0.582,0.302,9,-11.624,1,0.0353,0.947,0.0107,0.0931,0.642,94.288,blues
4,0.433,0.7,11,-8.197,1,0.163,0.843,0.324,0.102,0.8,80.623,blues
5,0.294,0.611,2,-6.268,1,0.0348,0.0226,0.435,0.114,0.567,178.191,blues
6,0.745,0.436,5,-9.617,0,0.043,0.597,0.0213,0.61,0.771,114.216,blues
7,0.596,0.545,11,-8.913,0,0.064,0.456,5.53e-05,0.329,0.718,146.953,blues
8,0.606,0.301,0,-11.402,1,0.0423,0.545,0.00194,0.0419,0.457,100.979,blues
9,0.676,0.334,5,-10.572,1,0.0508,0.862,0.0,0.32,0.867,158.0,blues
10,0.581,0.333,0,-14.209,1,0.032,0.944,0.472,0.332,0.488,94.197,blues
11,0.469,0.236,7,-16.981,1,0.0364,0.407,0.0434,0.215,0.415,82.232,blues
12,0.598,0.735,2,-10.882,1,0.0973,0.44,0.000215,0.681,0.615,111.129,blues
13,0.515,0.43,7,-10.912,1,0.25,0.81,0.0069,0.126,0.624,165.888,blues
14,0.523,0.568,9,-12.584,1,0.0751,0.652,0.00534,0.1,0.813,135.448,blues
15,0.712,0.58,10,-7.233,0,0.0263,0.401,0.000271,0.166,0.887,112.692,blues
16,0.648,0.544,1,-8.963,1,0.179,0.343,2.93e-06,0.087,0.619,153.063,blues
17,0.441,0.455,10,-14.207,1,0.0485,0.62,0.00187,0.135,0.918,160.9,blues
18,0.621,0.519,11,-13.328,0,0.102,0.837,0.00246,0.162,0.775,117.005,blues
19,0.633,0.553,5,-8.485,1,0.0603,0.871,0.00266,0.0555,0.846,159.12,blues
20,0.661,0.342,9,-16.361,0,0.043,0.844,0.000128,0.26,0.588,146.118,blues
21,0.604,0.108,0,-19.051,1,0.0421,0.88,0.0158,0.125,0.852,164.702,blues
22,0.803,0.288,7,-15.418,0,0.0629,0.865,0.0593,0.0833,0.865,115.685,blues
23,0.563,0.542,9,-10.862,1,0.0962,0.706,3.59e-05,0.355,0.785,133.285,blues
24,0.565,0.526,0,-11.352,1,0.0365,0.0339,0.000119,0.11,0.637,167.936,blues
25,0.642,0.708,9,-13.402,1,0.0543,0.0346,0.0103,0.0844,0.775,108.143,blues
26,0.654,0.51,6,-9.674,1,0.046,0.197,0.000158,0.163,0.671,113.125,blues
27,0.711,0.483,11,-11.211,1,0.0298,0.434,0.012,0.0284,0.884,91.652,blues
28,0.675,0.308,6,-8.081,1,0.0348,0.824,3.75e-05,0.0607,0.69,97.446,blues
29,0.502,0.433,8,-14.619,0,0.0339,0.668,0.002,0.167,0.566,103.467,blues
30,0.779,0.155,5,-21.57,1,0.112,0.856,7.82e-06,0.0974,0.696,103.251,blues
31,0.733,0.261,2,-14.56,1,0.0496,0.494,0.0412,0.0581,0.622,91.276,blues
32,0.675,0.311,9,-11.959,1,0.0525,0.93,0.000261,0.102,0.638,97.159,blues
33,0.751,0.25,2,-15.964,1,0.0397,0.903,0.000378,0.0884,0.682,84.035,blues
34,0.628,0.135,9,-20.695,1,0.0435,0.946,1.02e-05,0.0915,0.773,103.664,blues
35,0.572,0.348,0,-13.454,1,0.0293,0.438,0.000731,0.235,0.34,73.303,blues
36,0.573,0.564,0,-10.965,1,0.0432,0.0348,0.0,0.0795,0.702,90.79,blues
37,0.565,0.266,11,-11.708,1,0.0375,0.897,0.571,0.103,0.577,109.976,blues
38,0.473,0.281,1,-11.337,1,0.0354,0.97,0.0936,0.11,0.523,119.161,blues
39,0.485,0.2,7,-15.57,0,0.0276,0.703,0.919,0.149,0.19,82.827,blues
40,0.569,0.208,4,-16.167,1,0.0343,0.441,0.0437,0.141,0.783,106.21,blues
41,0.636,0.668,0,-6.857,1,0.0568,0.749,0.00121,0.0555,0.666,94.668,blues
42,0.642,0.599,11,-14.734,0,0.277,0.0146,0.00238,0.164,0.889,155.9,blues
43,0.493,0.244,2,-10.639,1,0.0297,0.994,0.0813,0.119,0.547,85.251,blues
44,0.713,0.281,3,-11.057,0,0.0379,0.137,0.0258,0.111,0.397,148.301,blues
45,0.647,0.204,3,-15.263,1,0.0454,0.964,0.00351,0.123,0.686,83.102,blues
46,0.639,0.496,1,-6.844,0,0.0375,0.713,0.254,0.0545,0.467,140.394,blues
47,0.513,0.546,0,-15.672,1,0.0391,0.333,0.0,0.17,0.834,85.527,blues
48,0.499,0.302,7,-15.15,1,0.0495,0.752,0.0266,0.129,0.564,167.075,blues
49,0.538,0.177,0,-14.158,1,0.0447,0.91,0.00825,0.0927,0.415,77.396,blues
50,0.49,0.338,2,-13.657,1,0.2,0.472,4.31e-06,0.109,0.463,140.533,blues
51,0.615,0.255,7,-14.599,0,0.0618,0.995,0.0123,0.169,0.69,181.12,blues
52,0.59,0.424,5,-13.864,0,0.0537,0.934,0.0162,0.149,0.819,106.636,blues
53,0.632,0.554,7,-10.513,1,0.0455,0.535,0.131,0.7,0.706,131.462,blues
54,0.525,0.216,4,-13.635,1,0.0559,0.829,0.00339,0.335,0.137,175.288,blues
55,0.692,0.625,0,-10.375,1,0.0362,0.883,0.0888,0.282,0.842,118.774,blues
56,0.536,0.417,11,-13.785,0,0.123,0.72,0.00478,0.312,0.758,95.997,blues
57,0.394,0.0406,9,-23.179,1,0.044,0.968,0.0453,0.0976,0.2,116.117,blues
58,0.792,0.142,3,-16.024,1,0.0442,0.985,0.184,0.112,0.669,94.375,blues
59,0.564,0.274,5,-13.608,0,0.035,0.647,0.303,0.102,0.157,125.148,blues
60,0.566,0.64,2,-7.88,1,0.0249,0.903,0.474,0.134,0.332,133.53,blues
61,0.57,0.241,4,-12.138,1,0.0473,0.948,0.0224,0.111,0.543,115.352,blues
62,0.555,0.393,10,-11.949,1,0.0327,0.965,0.015,0.151,0.782,102.5,blues
63,0.613,0.28,0,-17.901,1,0.041,0.745,0.154,0.0796,0.612,123.533,blues
64,0.65,0.383,10,-13.074,1,0.0464,0.505,0.0,0.392,0.864,110.522,blues
65,0.654,0.568,7,-11.979,1,0.0272,0.226,0.00356,0.114,0.762,95.116,blues
66,0.655,0.324,4,-9.412,1,0.0497,0.993,0.0844,0.113,0.405,71.642,blues
67,0.515,0.478,2,-9.564,1,0.0298,0.724,0.0326,0.22,0.494,86.202,blues
68,0.475,0.157,10,-19.063,1,0.0567,0.976,0.0348,0.0776,0.519,169.224,blues
69,0.477,0.607,9,-8.33,1,0.0471,0.256,0.146,0.107,0.64,87.301,blues
70,0.294,0.736,7,-7.961,0,0.151,0.282,0.0418,0.102,0.753,208.576,blues
71,0.321,0.625,2,-5.219,0,0.0302,0.491,5.08e-05,0.345,0.777,107.338,blues
72,0.69,0.584,3,-8.864,1,0.0746,0.47,2.46e-05,0.297,0.809,118.017,blues
73,0.692,0.493,9,-9.662,0,0.0325,0.0934,0.00166,0.128,0.28,86.644,blues
74,0.639,0.809,0,-6.641,1,0.0472,0.315,0.00792,0.983,0.753,111.768,blues
75,0.48,0.303,5,-13.675,1,0.0384,0.812,0.0,0.0889,0.643,98.282,blues
76,0.542,0.502,3,-10.607,0,0.0515,0.195,0.00812,0.174,0.948,174.11,blues
77,0.812,0.248,8,-11.129,1,0.0534,0.986,3.38e-05,0.137,0.742,125.33,blues
78,0.568,0.221,7,-15.144,1,0.137,0.827,0.097,0.0601,0.356,98.847,blues
79,0.883,0.446,0,-10.304,1,0.0574,0.462,1.03e-06,0.0447,0.964,112.635,blues
80,0.506,0.481,8,-15.4,1,0.0283,0.0583,6.5e-06,0.344,0.888,90.015,blues
81,0.541,0.188,3,-21.207,1,0.0691,0.979,0.384,0.117,0.47,101.641,blues
82,0.756,0.926,1,-8.525,1,0.13,0.751,0.429,0.936,0.701,132.326,blues
83,0.612,0.117,9,-15.357,1,0.177,0.99,0.00031,0.0788,0.781,172.444,blues
84,0.599,0.0424,4,-12.099,1,0.0572,0.996,0.00176,0.185,0.186,90.001,blues
85,0.499,0.132,4,-17.278,0,0.0403,0.852,0.00108,0.0621,0.362,89.165,blues
86,0.722,0.181,2,-17.643,0,0.0891,0.923,1.21e-06,0.148,0.58,62.02,blues
87,0.655,0.185,4,-14.009,0,0.0511,0.872,0.000697,0.0789,0.558,116.652,blues
88,0.504,0.438,11,-12.681,1,0.0338,0.905,0.102,0.143,0.822,103.266,blues
89,0.671,0.176,0,-17.99,0,0.0498,0.751,0.00595,0.125,0.746,112.017,blues
90,0.54,0.395,0,-9.191,1,0.0438,0.875,0.0142,0.738,0.507,110.621,blues
91,0.725,0.694,10,-6.987,0,0.0542,0.285,0.000175,0.326,0.808,87.567,blues
92,0.496,0.141,2,-13.497,1,0.0436,0.989,1.34e-05,0.157,0.367,110.707,blues
93,0.488,0.449,7,-10.793,0,0.0438,0.0169,0.019,0.269,0.569,141.897,blues
94,0.66,0.696,9,-7.096,1,0.0367,0.448,0.00194,0.0621,0.598,110.016,blues
95,0.609,0.255,0,-13.127,1,0.0499,0.946,2.22e-05,0.0583,0.538,78.061,blues
96,0.618,0.748,3,-9.454,1,0.0327,0.642,0.0484,0.0785,0.904,120.8,blues
97,0.665,0.63,10,-6.068,0,0.0613,0.549,4.57e-05,0.0864,0.825,153.212,blues
98,0.692,0.514,11,-12.234,0,0.032,0.178,0.0527,0.0937,0.848,105.251,blues
99,0.705,0.447,7,-11.327,1,0.0501,0.934,0.172,0.102,0.547,140.446,blues
100,0.0939,0.0336,2,-24.041,0,0.0606,0.927,0.83,0.0954,0.0516,67.359,classical
101,0.454,0.0139,4,-29.966,0,0.0514,0.995,0.943,0.0736,0.244,130.253,classical
102,0.184,0.00527,1,-37.264,0,0.0432,0.995,0.887,0.173,0.151,170.612,classical
103,0.335,0.00532,1,-31.646,1,0.0376,0.994,0.912,0.0621,0.0397,65.832,classical
104,0.17,0.0479,2,-27.021,1,0.0438,0.981,0.906,0.0795,0.0304,75.664,classical
105,0.0859,0.0653,5,-24.541,1,0.0572,0.972,0.889,0.0876,0.068,61.538,classical
106,0.442,0.00919,3,-32.452,1,0.047,0.984,0.936,0.0873,0.0929,79.314,classical
107,0.296,0.0435,0,-29.73,1,0.0411,0.987,0.857,0.0786,0.0302,72.282,classical
108,0.194,0.0324,5,-28.215,1,0.0382,0.982,0.961,0.0916,0.0596,144.13,classical
109,0.182,0.0603,6,-25.046,1,0.0459,0.852,0.411,0.145,0.141,98.799,classical
110,0.299,0.00626,9,-30.923,1,0.0478,0.994,0.901,0.0823,0.0634,69.043,classical
111,0.0666,0.0211,1,-24.057,1,0.0398,0.984,0.685,0.0999,0.132,73.377,classical
112,0.251,0.219,7,-16.781,1,0.0323,0.929,0.933,0.0824,0.0965,89.997,classical
113,0.48,0.163,5,-19.117,0,0.0645,0.81,0.754,0.093,0.212,158.366,classical
114,0.448,0.0052,4,-36.512,1,0.0564,0.995,0.88,0.0698,0.0398,62.171,classical
115,0.25,0.135,9,-18.615,1,0.0488,0.958,0.0349,0.0477,0.179,94.404,classical
116,0.0754,0.0102,4,-35.69,1,0.0464,0.901,0.106,0.0817,0.0331,81.324,classical
117,0.112,0.196,8,-14.767,1,0.0418,0.966,0.802,0.117,0.0363,89.321,classical
118,0.233,0.0252,2,-24.824,1,0.0346,0.975,0.601,0.143,0.0936,94.736,classical
119,0.0724,0.0659,3,-19.545,1,0.0408,0.947,0.866,0.109,0.0366,70.285,classical
120,0.273,0.00573,9,-39.245,1,0.0493,0.994,0.913,0.0857,0.174,91.621,classical
121,0.138,0.0126,5,-28.316,1,0.0521,0.992,0.787,0.0713,0.0343,174.084,classical
122,0.356,0.207,10,-17.76,1,0.0388,0.95,0.914,0.0802,0.328,146.755,classical
123,0.355,0.0164,3,-28.659,1,0.0396,0.995,0.926,0.0986,0.0922,67.946,classical
124,0.102,0.0449,2,-23.95,1,0.0388,0.972,0.771,0.0646,0.0334,90.459,classical
125,0.343,0.0342,8,-25.591,1,0.0406,0.991,0.92,0.1,0.0378,60.228,classical
126,0.183,0.0465,4,-22.96,0,0.0462,0.671,0.795,0.0994,0.151,88.055,classical
127,0.0811,0.0122,4,-32.654,0,0.0511,0.902,0.308,0.0648,0.0384,74.554,classical
128,0.169,0.0974,3,-21.414,1,0.042,0.864,0.632,0.087,0.0524,170.379,classical
129,0.211,0.00756,7,-33.123,1,0.0455,0.994,0.89,0.0734,0.0391,118.247,classical
130,0.469,0.0128,7,-36.856,1,0.119,0.994,0.937,0.0941,0.354,72.765,classical
131,0.109,0.106,8,-21.555,1,0.0392,0.82,0.816,0.102,0.0334,88.285,classical
132,0.0982,0.0575,6,-24.448,0,0.0454,0.984,0.904,0.122,0.0392,70.041,classical
133,0.124,0.0978,4,-22.849,0,0.0432,0.952,0.218,0.112,0.0433,96.309,classical
134,0.099,0.279,7,-12.939,0,0.0346,0.743,0.903,0.114,0.0464,89.755,classical
135,0.133,0.0723,2,-22.72,1,0.0384,0.963,0.848,0.358,0.0679,159.612,classical
136,0.0783,0.0523,5,-23.247,1,0.0471,0.896,0.945,0.0806,0.0327,82.015,classical
137,0.102,0.0733,10,-24.133,0,0.0488,0.974,0.859,0.28,0.0308,73.954,classical
138,0.253,0.224,7,-12.908,1,0.0321,0.937,0.88,0.116,0.107,76.652,classical
139,0.285,0.428,3,-11.916,1,0.0436,0.852,0.506,0.114,0.48,159.082,classical
140,0.5,0.0123,5,-30.17,1,0.0712,0.995,0.954,0.0748,0.313,130.128,classical
141,0.0959,0.00714,5,-36.544,1,0.0427,0.92,0.0281,0.106,0.0532,70.474,classical
142,0.322,0.184,0,-18.312,0,0.0338,0.984,0.902,0.0813,0.356,107.847,classical
143,0.364,0.0592,2,-21.757,1,0.057,0.978,0.0,0.0823,0.185,123.789,classical
144,0.308,0.127,2,-18.038,1,0.0396,0.97,0.801,0.127,0.123,121.859,classical
145,0.0752,0.0604,7,-23.96,0,0.0485,0.957,0.902,0.0889,0.034,76.509,classical
146,0.101,0.115,5,-17.553,1,0.0392,0.769,0.891,0.406,0.0374,84.976,classical
147,0.291,0.119,11,-20.493,1,0.0439,0.972,0.51,0.296,0.0571,125.103,classical
148,0.253,0.098,11,-19.878,0,0.0437,0.93,0.862,0.122,0.062,84.865,classical
149,0.204,0.0367,0,-25.506,0,0.0577,0.948,0.12,0.118,0.097,74.222,classical
150,0.295,0.0044,9,-33.891,0,0.049,0.991,0.0826,0.0974,0.0354,69.553,classical
151,0.101,0.0241,11,-30.172,0,0.0485,0.947,0.847,0.0693,0.0329,87.14,classical
152,0.465,0.128,9,-17.628,0,0.0519,0.978,0.271,0.0423,0.428,111.471,classical
153,0.308,0.247,9,-15.862,1,0.0441,0.975,0.769,0.0968,0.113,74.147,classical
154,0.259,0.0625,7,-21.294,1,0.0483,0.983,3.59e-06,0.1,0.182,76.588,classical
155,0.114,0.0701,4,-23.417,0,0.0445,0.87,0.431,0.0916,0.0371,89.33,classical
156,0.328,0.00201,0,-33.594,1,0.0398,0.995,0.747,0.0726,0.361,73.01,classical
157,0.134,0.104,9,-26.546,1,0.0613,0.986,0.927,0.331,0.0989,81.295,classical
158,0.479,0.536,9,-12.253,1,0.0338,0.643,0.315,0.293,0.499,104.337,classical
159,0.0811,0.0025,9,-39.706,0,0.0429,0.92,0.305,0.134,0.071,54.59,classical
160,0.172,0.0362,4,-22.325,0,0.0414,0.982,0.0235,0.111,0.0366,138.045,classical
161,0.203,0.256,5,-13.509,0,0.0401,0.96,0.0935,0.0913,0.126,95.578,classical
162,0.194,0.0545,4,-24.877,1,0.0366,0.983,0.945,0.0551,0.0385,140.966,classical
163,0.529,0.319,9,-12.937,1,0.0554,0.908,0.249,0.0424,0.589,111.657,classical
164,0.347,0.264,4,-15.162,1,0.043,0.92,0.9,0.093,0.449,97.695,classical
165,0.156,0.189,3,-17.991,1,0.0444,0.984,0.0119,0.0751,0.0732,79.63,classical
166,0.0966,0.0381,1,-30.348,0,0.0417,0.994,0.766,0.107,0.0346,87.109,classical
167,0.209,0.125,4,-15.767,1,0.0414,0.967,0.646,0.088,0.0382,84.937,classical
168,0.279,0.00461,2,-36.886,0,0.0439,0.989,0.982,0.0638,0.039,69.813,classical
169,0.121,0.124,10,-22.93,0,0.0418,0.824,0.56,0.107,0.0352,91.838,classical
170,0.207,0.102,1,-17.365,1,0.0384,0.974,0.542,0.104,0.303,82.319,classical
171,0.191,0.0637,9,-26.202,1,0.0422,0.981,0.533,0.117,0.0327,100.714,classical
172,0.151,0.0639,11,-24.404,0,0.0439,0.962,0.603,0.466,0.0797,61.577,classical
173,0.479,0.172,2,-22.543,1,0.0634,0.994,0.92,0.138,0.715,199.596,classical
174,0.0979,0.0801,8,-19.643,1,0.0458,0.941,0.431,0.115,0.0608,75.314,classical
175,0.209,0.101,0,-19.383,1,0.0403,0.927,0.9,0.0776,0.153,85.851,classical
176,0.149,0.16,5,-17.345,1,0.0443,0.991,0.823,0.1,0.0782,71.585,classical
177,0.134,0.0546,0,-26.69,1,0.0574,0.984,2.15e-05,0.111,0.0479,74.341,classical
178,0.331,0.169,9,-19.859,1,0.0325,0.994,0.886,0.121,0.258,97.836,classical
179,0.197,0.0911,2,-21.511,1,0.0455,0.926,0.721,0.119,0.133,120.682,classical
180,0.354,0.23,2,-18.279,1,0.0434,0.8,0.0038,0.0854,0.52,152.102,classical
181,0.246,0.282,0,-23.445,0,0.0523,0.983,0.883,0.109,0.219,172.599,classical
182,0.161,0.0988,9,-22.907,0,0.037,0.991,0.000255,0.0767,0.0488,132.28,classical
183,0.147,0.0478,10,-29.779,0,0.0381,0.571,0.35,0.0981,0.0434,84.346,classical
184,0.593,0.194,0,-16.866,1,0.0412,0.556,0.0,0.0784,0.524,116.419,classical
185,0.278,0.00897,10,-35.603,1,0.0328,0.986,0.781,0.0717,0.598,110.174,classical
186,0.384,0.0274,4,-26.64,0,0.0339,0.975,0.623,0.23,0.196,86.948,classical
187,0.33,0.0994,2,-20.459,0,0.0341,0.909,0.852,0.201,0.193,110.595,classical
188,0.245,0.106,9,-20.975,0,0.0377,0.98,0.177,0.179,0.0398,71.358,classical
189,0.113,0.113,8,-24.447,1,0.0464,0.995,0.925,0.0647,0.0367,81.114,classical
190,0.164,0.156,9,-20.916,1,0.0423,0.995,0.445,0.0915,0.0396,136.432,classical
191,0.323,0.292,2,-19.403,1,0.108,0.89,0.0967,0.205,0.361,86.001,classical
192,0.277,0.112,7,-20.692,0,0.0354,0.988,0.89,0.0949,0.143,75.322,classical
193,0.173,0.0446,9,-28.398,0,0.0496,0.987,0.00196,0.0994,0.0624,70.054,classical
194,0.449,0.104,2,-19.679,1,0.0436,0.978,0.881,0.125,0.154,85.555,classical
195,0.21,0.167,5,-17.03,1,0.04,0.977,0.000422,0.0961,0.0577,93.041,classical
196,0.141,0.022,5,-30.898,1,0.0435,0.985,0.275,0.086,0.24,83.479,classical
197,0.143,0.369,0,-14.263,1,0.0425,0.772,0.9,0.0696,0.396,75.465,classical
198,0.231,0.121,2,-23.335,1,0.0417,0.958,0.92,0.114,0.111,91.462,classical
199,0.174,0.228,0,-18.104,1,0.039,0.99,0.635,0.0863,0.0604,124.955,classical
200,0.746,0.443,4,-11.305,1,0.0359,0.663,0.0,0.223,0.554,91.11,country
201,0.783,0.698,3,-8.268,1,0.0323,0.522,2.52e-06,0.0754,0.758,124.996,country
202,0.677,0.724,2,-8.992,1,0.0245,0.143,0.000101,0.158,0.697,90.392,country
203,0.635,0.758,7,-5.772,1,0.0243,0.00643,0.0,0.229,0.322,113.002,country
204,0.595,0.653,7,-4.935,1,0.0265,0.246,0.0,0.264,0.542,128.93,country
205,0.698,0.632,9,-6.508,1,0.0247,0.554,0.0,0.118,0.458,102.408,country
206,0.561,0.543,1,-8.498,1,0.0324,0.26,0.0,0.124,0.243,139.803,country
207,0.544,0.648,7,-8.454,1,0.0549,0.307,0.0,0.0843,0.866,165.484,country
208,0.771,0.848,2,-7.365,1,0.035,0.108,0.0,0.35,0.803,115.642,country
209,0.644,0.868,10,-3.98,1,0.0464,0.183,0.0,0.322,0.642,134.38,country
210,0.713,0.692,7,-8.554,1,0.0365,0.432,0.0,0.271,0.884,140.561,country
211,0.759,0.723,0,-9.315,1,0.028,0.173,0.0,0.179,0.962,136.746,country
212,0.856,0.517,6,-9.232,0,0.0293,0.563,0.000164,0.144,0.479,118.399,country
213,0.6,0.242,0,-12.63,1,0.031,0.697,0.0,0.128,0.3,106.616,country
214,0.507,0.665,8,-7.157,1,0.0349,0.0237,6.34e-05,0.0994,0.323,154.928,country
215,0.764,0.646,9,-9.424,1,0.0302,0.367,0.0,0.0849,0.877,116.141,country
216,0.711,0.491,7,-10.323,1,0.0295,0.381,9.12e-06,0.249,0.671,121.294,country
217,0.674,0.517,11,-11.225,1,0.0726,0.226,0.0,0.0697,0.482,94.98,country
218,0.486,0.633,9,-8.414,1,0.0365,0.176,0.0,0.312,0.669,162.158,country
219,0.49,0.817,8,-5.405,1,0.0355,0.455,0.0,0.0885,0.808,168.115,country
220,0.744,0.637,6,-4.483,1,0.0241,0.337,0.000222,0.0696,0.785,100.511,country
221,0.712,0.63,9,-6.202,1,0.0299,0.257,6.65e-05,0.0999,0.768,118.378,country
222,0.569,0.782,10,-5.868,1,0.0491,0.105,0.0,0.13,0.595,150.631,country
223,0.708,0.524,5,-12.644,1,0.0352,0.0551,3.21e-06,0.0371,0.69,111.482,country
224,0.536,0.65,2,-5.603,1,0.0337,0.282,1.16e-06,0.0876,0.288,147.93,country
225,0.64,0.852,2,-6.406,1,0.028,0.0907,0.0,0.151,0.903,139.949,country
226,0.656,0.717,0,-4.871,1,0.0279,0.0127,1.22e-05,0.904,0.809,123.988,country
227,0.687,0.648,4,-9.137,1,0.027,0.314,1.37e-06,0.289,0.6,121.341,country
228,0.603,0.852,7,-5.166,1,0.0463,0.0137,0.0,0.513,0.655,124.091,country
229,0.525,0.693,0,-6.972,1,0.0327,0.046,9.55e-06,0.247,0.363,107.012,country
230,0.7,0.896,2,-2.276,1,0.191,0.108,0.0,0.453,0.817,102.065,country
231,0.58,0.816,4,-5.165,1,0.0726,0.132,0.0,0.0776,0.814,89.938,country
232,0.583,0.812,10,-4.684,1,0.0299,0.131,0.0,0.201,0.408,89.992,country
233,0.596,0.706,2,-5.562,1,0.0262,0.351,0.0,0.36,0.704,146.088,country
234,0.664,0.706,2,-7.045,1,0.027,0.129,1.06e-06,0.0857,0.681,93.968,country
235,0.736,0.719,3,-9.311,1,0.0313,0.42,0.000851,0.35,0.657,113.228,country
236,0.494,0.861,5,-5.236,1,0.0365,0.257,0.0,0.103,0.668,172.052,country
237,0.62,0.852,1,-4.203,1,0.0308,0.0108,4.94e-06,0.279,0.479,90.038,country
238,0.398,0.804,11,-5.559,1,0.0451,0.175,0.0,0.181,0.709,186.752,country
239,0.716,0.72,5,-2.183,1,0.0319,0.307,0.0,0.135,0.464,122.512,country
240,0.52,0.333,2,-11.508,1,0.0302,0.816,0.0,0.188,0.198,74.165,country
241,0.385,0.443,7,-9.627,0,0.0295,0.0632,0.0,0.0898,0.275,151.278,country
242,0.715,0.775,0,-6.613,1,0.0433,0.354,0.0,0.144,0.803,106.013,country
243,0.533,0.585,4,-9.789,1,0.0337,0.199,0.0,0.11,0.472,83.403,country
244,0.582,0.952,5,-3.848,1,0.0731,0.00324,0.0,0.223,0.655,103.027,country
245,0.56,0.239,4,-16.732,1,0.0347,0.473,1.37e-05,0.0565,0.601,201.672,country
246,0.64,0.639,9,-10.11,1,0.0331,0.134,0.0,0.178,0.593,109.263,country
247,0.585,0.793,7,-3.713,1,0.0322,0.351,0.0,0.3,0.732,133.839,country
248,0.713,0.768,2,-6.702,1,0.0363,0.22,0.0,0.177,0.878,125.203,country
249,0.697,0.535,4,-6.504,1,0.068,0.247,0.0,0.569,0.594,82.959,country
250,0.488,0.855,7,-3.417,1,0.0399,0.287,0.0,0.132,0.799,148.971,country
251,0.5,0.225,0,-10.22,1,0.0302,0.842,0.0,0.112,0.355,173.788,country
252,0.495,0.695,9,-6.929,1,0.0318,0.437,0.00048,0.0734,0.496,73.656,country
253,0.648,0.766,9,-8.514,1,0.0326,0.232,1.54e-05,0.121,0.971,128.798,country
254,0.619,0.507,5,-7.677,1,0.0335,0.71,0.0,0.258,0.694,77.995,country
255,0.536,0.754,10,-5.102,1,0.0399,0.0597,4.92e-06,0.118,0.212,139.988,country
256,0.733,0.589,7,-7.37,1,0.1,0.0476,5.85e-06,0.0366,0.867,170.097,country
257,0.521,0.746,6,-6.173,1,0.0351,0.00985,0.0,0.0741,0.473,149.977,country
258,0.478,0.625,7,-5.975,1,0.0341,0.0515,0.0,0.116,0.343,160.196,country
259,0.736,0.614,11,-11.124,1,0.0389,0.0237,5.84e-06,0.292,0.858,99.942,country
260,0.646,0.479,8,-9.823,1,0.0265,0.0566,0.0,0.0517,0.674,137.703,country
261,0.658,0.6,7,-11.984,1,0.0326,0.0818,3.52e-06,0.0637,0.886,170.114,country
262,0.643,0.756,6,-5.8,0,0.0305,0.0215,0.000268,0.101,0.934,90.001,country
263,0.605,0.228,7,-16.116,1,0.0267,0.703,0.00198,0.0936,0.285,78.31,country
264,0.702,0.795,1,-4.764,1,0.0568,0.329,0.0,0.0505,0.836,83.961,country
265,0.572,0.449,1,-6.566,1,0.0264,0.314,0.0,0.0301,0.207,122.632,country
266,0.681,0.888,7,-4.635,1,0.0656,0.124,1.46e-06,0.573,0.797,151.785,country
267,0.537,0.66,9,-7.174,1,0.0296,0.455,0.0,0.135,0.574,148.096,country
268,0.493,0.297,6,-14.838,0,0.0487,0.403,0.0,0.145,0.436,90.273,country
269,0.608,0.798,10,-5.823,1,0.051,0.0858,0.0,0.0799,0.672,172.078,country
270,0.758,0.596,2,-7.468,1,0.0281,0.44,1.86e-05,0.132,0.859,121.207,country
271,0.678,0.839,7,-3.617,1,0.0394,0.0379,0.0,0.0742,0.772,104.952,country
272,0.6,0.808,4,-4.679,1,0.0403,0.208,0.0,0.196,0.809,172.016,country
273,0.561,0.716,8,-3.341,1,0.0291,0.0353,0.0,0.122,0.667,152.089,country
274,0.639,0.795,9,-6.634,1,0.0344,0.0452,0.0,0.121,0.864,142.566,country
275,0.533,0.855,6,-2.901,1,0.0356,0.0553,0.0,0.335,0.64,102.017,country
276,0.62,0.697,11,-7.278,1,0.0498,0.0315,0.0,0.164,0.711,160.957,country
277,0.689,0.582,5,-6.778,1,0.0236,0.119,0.00464,0.101,0.883,99.021,country
278,0.581,0.717,4,-4.433,1,0.0318,0.0298,0.000186,0.243,0.316,107.884,country
279,0.686,0.622,2,-7.31,1,0.0857,0.532,0.0,0.0511,0.982,163.245,country
280,0.662,0.282,5,-11.985,1,0.0242,0.651,3.88e-06,0.094,0.377,89.912,country
281,0.491,0.841,5,-3.579,1,0.0421,0.0471,0.0,0.0886,0.721,199.851,country
282,0.66,0.34,1,-10.113,1,0.027,0.54,0.0,0.0804,0.384,108.946,country
283,0.661,0.389,10,-12.292,1,0.0301,0.393,1.04e-06,0.0902,0.515,124.147,country
284,0.554,0.577,7,-8.62,1,0.0282,0.0165,2.91e-05,0.0719,0.479,140.277,country
285,0.65,0.862,9,-5.148,1,0.0567,0.0231,0.0,0.0728,0.541,127.946,country
286,0.775,0.861,0,-7.113,1,0.0295,0.188,4.2e-06,0.199,0.964,98.649,country
287,0.607,0.876,7,-4.117,1,0.0382,0.371,0.0,0.519,0.886,121.043,country
288,0.471,0.617,8,-8.394,1,0.038,0.0522,0.0,0.229,0.491,182.323,country
289,0.688,0.459,7,-9.353,1,0.0365,0.144,0.0,0.0816,0.493,75.184,country
290,0.666,0.521,9,-10.993,1,0.0292,0.114,0.0,0.0604,0.361,105.223,country
291,0.529,0.509,0,-8.926,1,0.0253,0.415,0.0,0.171,0.27,142.311,country
292,0.544,0.404,3,-8.751,1,0.0354,0.391,3.98e-06,0.157,0.251,129.518,country
293,0.613,0.526,3,-7.364,1,0.0306,0.373,0.0,0.137,0.412,142.055,country
294,0.64,0.317,7,-14.229,1,0.0307,0.605,5.14e-06,0.118,0.3,125.935,country
295,0.624,0.903,6,-3.046,1,0.0347,0.00824,0.0,0.309,0.724,116.99,country
296,0.606,0.497,4,-6.611,1,0.0277,0.348,0.0,0.275,0.362,130.739,country
297,0.825,0.285,8,-17.491,1,0.0326,0.188,0.00131,0.0539,0.86,126.946,country
298,0.484,0.905,10,-3.993,1,0.135,0.0936,0.0,0.286,0.767,182.058,country
299,0.671,0.339,9,-16.098,1,0.0247,0.142,0.0,0.293,0.847,86.292,country
300,0.784,0.893,7,-5.153,0,0.0923,0.3,1.57e-05,0.272,0.819,118.738,disco
301,0.91,0.641,7,-11.316,1,0.0589,0.0258,6.42e-05,0.0642,0.903,118.533,disco
302,0.629,0.851,5,-11.182,0,0.0294,0.0309,0.303,0.0947,0.961,130.7,disco
303,0.766,0.844,10,-3.851,1,0.0361,0.0261,0.605,0.18,0.835,129.323,disco
304,0.605,0.881,9,-4.891,0,0.0462,0.0266,3.28e-06,0.81,0.965,117.178,disco
305,0.771,0.649,0,-10.375,1,0.0434,0.0137,0.00111,0.324,0.653,116.286,disco
306,0.698,0.853,1,-9.667,1,0.0353,0.0551,0.00196,0.0388,0.879,107.347,disco
307,0.88,0.395,11,-14.629,1,0.102,0.0187,3.24e-05,0.0571,0.854,117.161,disco
308,0.667,0.521,9,-13.212,0,0.115,0.202,6.55e-05,0.0723,0.856,117.917,disco
309,0.753,0.67,9,-7.738,1,0.0508,0.0588,0.0,0.033,0.897,113.012,disco
310,0.784,0.713,0,-6.865,1,0.0339,0.447,0.14,0.0904,0.97,115.443,disco
311,0.707,0.854,7,-8.231,0,0.0286,0.149,0.117,0.0987,0.96,114.022,disco
312,0.814,0.474,0,-12.017,1,0.0309,0.27,8.16e-06,0.599,0.956,101.241,disco
313,0.862,0.624,3,-11.63,1,0.0565,0.0192,0.000153,0.0465,0.882,124.896,disco
314,0.836,0.626,9,-10.143,0,0.0335,0.0943,0.742,0.153,0.898,114.657,disco
315,0.564,0.593,9,-9.245,1,0.0328,0.732,0.00366,0.343,0.766,120.753,disco
316,0.77,0.827,1,-8.754,1,0.0369,0.298,0.000357,0.199,0.888,109.058,disco
317,0.59,0.868,5,-5.832,0,0.048,0.0962,0.000322,0.442,0.798,184.348,disco
318,0.594,0.906,1,-5.536,1,0.0594,0.169,0.00122,0.0778,0.892,104.411,disco
319,0.879,0.626,7,-6.344,1,0.0604,0.205,6.07e-05,0.056,0.968,110.864,disco
320,0.796,0.892,0,-8.31,1,0.0333,0.00475,0.0187,0.0717,0.965,120.4,disco
321,0.828,0.417,0,-14.136,0,0.0328,0.00709,0.762,0.0703,0.945,100.28,disco
322,0.595,0.921,0,-7.329,1,0.0987,0.179,0.0,0.812,0.937,102.35,disco
323,0.629,0.615,11,-10.972,0,0.0433,0.169,7.23e-05,0.132,0.673,118.805,disco
324,0.733,0.65,11,-11.878,1,0.0658,0.0133,0.00437,0.627,0.65,120.944,disco
325,0.863,0.726,9,-6.649,1,0.0494,0.415,0.0299,0.0735,0.93,132.574,disco
326,0.631,0.713,5,-7.124,1,0.0311,0.00204,0.000344,0.414,0.891,130.949,disco
327,0.551,0.89,0,-3.819,0,0.126,0.175,2.53e-05,0.11,0.67,121.752,disco
328,0.912,0.534,6,-5.319,0,0.0366,0.139,0.102,0.0387,0.963,114.681,disco
329,0.934,0.646,11,-5.727,0,0.228,0.0303,0.00614,0.0776,0.832,116.351,disco
330,0.73,0.622,7,-11.7,0,0.0532,0.269,0.00874,0.111,0.752,90.973,disco
331,0.731,0.804,2,-6.62,1,0.106,0.22,0.0,0.15,0.761,118.933,disco
332,0.472,0.71,0,-8.852,1,0.0599,0.278,1.36e-06,0.103,0.527,120.052,disco
333,0.734,0.42,2,-12.036,1,0.028,0.188,0.242,0.0826,0.462,94.161,disco
334,0.808,0.485,0,-8.829,1,0.056,0.0761,0.00414,0.0477,0.714,122.659,disco
335,0.631,0.563,2,-12.135,0,0.0552,0.398,0.0,0.0733,0.947,117.963,disco
336,0.739,0.917,5,-4.459,1,0.0504,0.177,0.119,0.0834,0.749,110.163,disco
337,0.677,0.667,5,-8.819,1,0.0264,0.0188,0.801,0.168,0.871,117.11,disco
338,0.84,0.722,2,-9.448,0,0.064,0.337,0.00456,0.0799,0.903,115.611,disco
339,0.75,0.785,6,-10.926,1,0.0591,0.0278,0.0,0.0601,0.752,126.361,disco
340,0.682,0.925,2,-6.526,1,0.0483,0.000907,7.73e-05,0.0655,0.876,140.772,disco
341,0.589,0.384,10,-15.075,0,0.0332,0.112,2.8e-05,0.0596,0.354,132.909,disco
342,0.801,0.446,10,-14.605,1,0.0735,0.74,0.038,0.0832,0.925,97.898,disco
343,0.715,0.729,1,-6.765,1,0.0554,0.0708,0.0,0.129,0.862,112.407,disco
344,0.703,0.755,5,-9.337,1,0.0749,0.00947,0.02,0.17,0.731,117.128,disco
345,0.617,0.879,0,-7.564,0,0.0455,0.127,5.71e-05,0.339,0.746,114.453,disco
346,0.663,0.792,0,-5.476,1,0.0311,0.517,0.000139,0.111,0.847,103.009,disco
347,0.716,0.585,6,-9.441,0,0.0382,0.000211,0.0341,0.197,0.406,105.431,disco
348,0.677,0.703,9,-9.344,1,0.0344,0.143,6.96e-05,0.514,0.962,99.419,disco
349,0.791,0.734,5,-5.464,1,0.0629,0.522,0.00165,0.167,0.962,105.854,disco
350,0.774,0.641,1,-10.193,1,0.0799,0.0765,0.0,0.0867,0.875,113.256,disco
351,0.781,0.556,5,-13.067,0,0.0611,0.0661,0.0907,0.0339,0.968,125.999,disco
352,0.747,0.548,11,-10.506,0,0.0336,0.309,0.155,0.0592,0.675,105.13,disco
353,0.619,0.948,5,-6.641,0,0.0432,0.00219,0.22,0.199,0.82,123.016,disco
354,0.597,0.581,3,-9.72,1,0.0449,0.257,0.0,0.105,0.885,107.202,disco
355,0.674,0.767,11,-7.268,0,0.0747,0.0804,0.000312,0.0788,0.772,109.8,disco
356,0.892,0.433,0,-13.806,0,0.0699,0.0277,0.000892,0.0308,0.924,128.029,disco
357,0.638,0.712,0,-11.103,1,0.0658,0.0499,0.667,0.259,0.917,126.334,disco
358,0.777,0.774,10,-9.276,0,0.156,0.175,5.41e-05,0.0671,0.939,107.818,disco
359,0.64,0.724,2,-7.543,1,0.0324,0.0312,0.34,0.377,0.703,119.455,disco
360,0.703,0.761,10,-10.136,1,0.0552,0.115,4.99e-06,0.103,0.652,104.838,disco
361,0.669,0.79,6,-10.648,0,0.0361,0.0213,0.0,0.035,0.962,130.937,disco
362,0.744,0.568,0,-9.629,1,0.0494,0.186,1.18e-05,0.163,0.687,122.657,disco
363,0.794,0.636,2,-8.698,1,0.0756,0.00297,0.0141,0.0753,0.847,121.213,disco
364,0.683,0.915,11,-5.076,0,0.0679,0.0658,0.000976,0.253,0.882,119.862,disco
365,0.721,0.537,10,-11.3,0,0.0499,0.101,4.86e-05,0.106,0.755,118.917,disco
366,0.882,0.518,11,-12.493,0,0.0385,0.0368,0.158,0.0851,0.967,126.134,disco
367,0.752,0.36,9,-14.317,0,0.0334,0.499,0.291,0.106,0.636,110.768,disco
368,0.739,0.566,11,-13.534,1,0.0335,0.384,3.1e-06,0.0735,0.739,114.045,disco
369,0.927,0.832,10,-7.665,0,0.0604,0.0139,2.6e-06,0.0394,0.958,115.384,disco
370,0.465,0.48,7,-13.653,1,0.202,0.0343,2.93e-06,0.0427,0.365,184.611,disco
371,0.78,0.542,0,-10.99,0,0.0464,0.0107,0.306,0.0869,0.808,111.271,disco
372,0.691,0.791,10,-7.974,1,0.0373,0.0221,0.0148,0.0643,0.904,128.736,disco
373,0.782,0.938,10,-8.692,0,0.05,0.000429,0.121,0.118,0.871,118.086,disco
374,0.675,0.447,4,-10.281,1,0.0472,0.461,0.000126,0.142,0.685,106.164,disco
375,0.639,0.795,10,-5.927,1,0.0655,0.034,0.0,0.179,0.939,171.378,disco
376,0.653,0.652,7,-9.304,0,0.0427,0.13,1.58e-05,0.202,0.846,115.388,disco
377,0.782,0.601,5,-11.234,1,0.0526,0.00356,0.00561,0.0466,0.842,118.077,disco
378,0.693,0.708,0,-7.816,1,0.031,0.309,0.00305,0.0857,0.949,125.315,disco
379,0.684,0.864,9,-4.819,1,0.0312,0.131,0.00526,0.344,0.978,125.395,disco
380,0.726,0.802,5,-10.006,1,0.0609,0.000702,0.0275,0.059,0.803,110.271,disco
381,0.294,0.528,8,-10.01,1,0.0471,0.234,0.0,0.147,0.452,200.813,disco
382,0.791,0.569,2,-10.372,0,0.0553,0.133,0.00035,0.139,0.889,123.977,disco
383,0.702,0.907,9,-6.909,1,0.066,0.0128,0.18,0.0323,0.82,114.762,disco
384,0.451,0.359,7,-8.567,1,0.0247,0.847,2.97e-05,0.137,0.178,76.015,disco
385,0.701,0.896,11,-5.738,0,0.126,0.0194,1.01e-05,0.0521,0.927,120.16,disco
386,0.518,0.907,5,-3.732,1,0.0343,0.00221,1.15e-05,0.0838,0.961,140.982,disco
387,0.776,0.601,5,-9.335,0,0.0658,0.0192,0.00074,0.0366,0.898,109.976,disco
388,0.595,0.379,10,-12.058,0,0.0454,0.271,2.81e-05,0.1,0.448,92.006,disco
389,0.433,0.649,4,-8.616,0,0.0435,0.00293,0.208,0.0952,0.739,102.01,disco
390,0.496,0.563,4,-12.129,0,0.0337,0.000835,0.804,0.373,0.723,97.136,disco
391,0.651,0.648,9,-7.44,1,0.0346,0.167,1.7e-05,0.192,0.868,97.017,disco
392,0.697,0.923,9,-3.914,0,0.0921,0.0686,0.809,0.0251,0.87,121.508,disco
393,0.723,0.881,5,-7.178,0,0.0743,0.349,0.000274,0.705,0.658,136.306,disco
394,0.768,0.853,10,-5.915,0,0.0427,0.0548,0.13,0.0188,0.889,107.234,disco
395,0.896,0.339,11,-9.576,0,0.0884,0.0183,0.552,0.0311,0.389,122.106,disco
396,0.814,0.672,9,-12.068,1,0.0619,0.0435,0.0,0.061,0.933,109.394,disco
397,0.878,0.84,6,-13.105,0,0.064,0.0421,0.0035,0.053,0.882,116.222,disco
398,0.808,0.623,10,-15.805,0,0.0463,0.216,0.000396,0.0782,0.767,104.299,disco
399,0.733,0.833,10,-11.118,0,0.0456,0.357,0.0179,0.0517,0.962,108.782,disco
400,0.848,0.666,0,-6.547,1,0.274,0.173,0.000699,0.129,0.744,96.662,hiphop
401,0.862,0.642,6,-13.652,0,0.101,0.102,0.0,0.272,0.765,99.201,hiphop
402,0.782,0.589,1,-4.827,1,0.189,0.148,0.0,0.164,0.869,90.438,hiphop
403,0.875,0.745,1,-5.878,1,0.269,0.0227,2.37e-06,0.287,0.749,95.201,hiphop
404,0.759,0.756,4,-8.145,0,0.266,0.0903,2.36e-06,0.265,0.613,87.059,hiphop
405,0.737,0.89,4,-8.443,1,0.158,0.00556,0.00171,0.0801,0.809,105.848,hiphop
406,0.904,0.577,1,-7.293,1,0.132,0.125,0.0,0.115,0.7,102.691,hiphop
407,0.934,0.459,1,-7.654,1,0.189,0.0516,0.0,0.222,0.697,103.04,hiphop
408,0.794,0.95,1,-8.78,1,0.294,0.124,7.71e-05,0.133,0.324,94.984,hiphop
409,0.697,0.687,6,-11.111,1,0.379,0.26,4.8e-05,0.403,0.866,90.247,hiphop
410,0.836,0.484,2,-7.332,1,0.327,0.0454,0.0,0.0557,0.839,95.941,hiphop
411,0.704,0.642,1,-10.11,1,0.39,0.00704,1.43e-06,0.161,0.72,92.09,hiphop
412,0.9,0.619,4,-6.518,0,0.312,0.203,0.00156,0.0647,0.864,94.121,hiphop
413,0.712,0.895,10,-4.212,0,0.254,0.181,1.8e-05,0.108,0.727,96.338,hiphop
414,0.722,0.745,4,-6.059,0,0.0536,0.151,6.26e-06,0.337,0.607,95.021,hiphop
415,0.825,0.639,4,-6.607,1,0.185,0.0731,0.0225,0.0612,0.866,97.389,hiphop
416,0.791,0.759,10,-7.378,0,0.129,0.0314,0.674,0.255,0.619,102.382,hiphop
417,0.711,0.62,11,-10.174,0,0.212,0.0175,0.0,0.134,0.805,179.817,hiphop
418,0.763,0.786,10,-6.472,0,0.229,0.0146,0.0114,0.0817,0.504,93.857,hiphop
419,0.836,0.728,10,-12.058,0,0.234,0.00569,0.000819,0.0649,0.599,100.842,hiphop
420,0.733,0.67,10,-3.532,0,0.132,0.119,0.0,0.442,0.763,86.983,hiphop
421,0.479,0.549,11,-10.551,0,0.373,0.57,0.0239,0.127,0.576,180.985,hiphop
422,0.757,0.725,8,-6.524,1,0.303,0.369,0.00139,0.431,0.707,103.014,hiphop
423,0.801,0.757,7,-8.01,1,0.316,0.478,1.32e-05,0.163,0.607,88.025,hiphop
424,0.65,0.9,1,-4.099,0,0.374,0.0252,0.0,0.176,0.659,89.788,hiphop
425,0.683,0.902,1,-7.389,0,0.291,0.219,0.000761,0.226,0.724,90.447,hiphop
426,0.682,0.647,8,-7.332,1,0.189,0.000693,5.97e-06,0.0693,0.529,181.86,hiphop
427,0.713,0.597,6,-10.741,0,0.37,0.0314,0.0,0.0348,0.803,169.646,hiphop
428,0.729,0.442,11,-8.106,0,0.285,0.151,0.0,0.189,0.757,81.029,hiphop
429,0.658,0.771,4,-4.318,1,0.271,0.016,0.0,0.654,0.516,85.949,hiphop
430,0.876,0.42,0,-18.246,0,0.279,0.188,0.00186,0.0668,0.706,98.304,hiphop
431,0.858,0.76,4,-7.895,0,0.254,0.0217,0.0,0.322,0.951,93.082,hiphop
432,0.779,0.641,2,-11.228,1,0.158,0.134,8.19e-06,0.0831,0.885,164.976,hiphop
433,0.798,0.888,10,-4.415,0,0.16,0.104,9.47e-06,0.323,0.661,99.608,hiphop
434,0.525,0.724,6,-11.282,0,0.173,0.0106,1.15e-05,0.0563,0.91,186.531,hiphop
435,0.567,0.587,9,-5.626,0,0.0417,0.867,0.0,0.13,0.572,83.046,hiphop
436,0.956,0.72,11,-13.476,0,0.137,0.000844,0.0,0.0597,0.961,127.872,hiphop
437,0.763,0.541,9,-8.843,0,0.329,0.466,0.0,0.0693,0.885,90.032,hiphop
438,0.886,0.512,10,-11.825,0,0.237,0.207,0.0,0.0991,0.454,93.997,hiphop
439,0.665,0.91,6,-4.682,0,0.223,0.0394,0.0,0.227,0.887,84.099,hiphop
440,0.761,0.683,2,-10.889,1,0.164,0.141,0.0,0.342,0.671,101.787,hiphop
441,0.805,0.653,8,-11.251,0,0.185,0.138,0.0,0.1,0.257,100.349,hiphop
442,0.867,0.679,10,-12.028,0,0.207,0.0336,1.59e-06,0.0742,0.68,101.293,hiphop
443,0.732,0.554,10,-8.403,0,0.27,0.204,0.0,0.1,0.951,161.233,hiphop
444,0.837,0.781,11,-3.798,1,0.171,0.00548,0.00394,0.134,0.763,100.512,hiphop
445,0.897,0.466,10,-9.053,0,0.203,0.187,1.35e-06,0.0757,0.884,100.01,hiphop
446,0.681,0.529,7,-7.897,0,0.0341,0.201,0.0,0.184,0.568,91.081,hiphop
447,0.765,0.29,4,-17.117,0,0.139,0.0279,0.0,0.571,0.506,92.409,hiphop
448,0.89,0.716,1,-9.673,1,0.296,0.174,0.000589,0.0657,0.656,99.987,hiphop
449,0.69,0.672,10,-9.38,0,0.382,0.0395,1.71e-06,0.802,0.736,96.332,hiphop
450,0.802,0.785,9,-4.781,1,0.207,0.14,0.0,0.123,0.435,99.998,hiphop
451,0.721,0.949,6,-5.685,1,0.278,0.0495,0.0,0.327,0.835,83.028,hiphop
452,0.894,0.625,10,-7.339,0,0.354,0.142,0.0,0.387,0.809,90.121,hiphop
453,0.835,0.707,8,-5.074,1,0.0598,0.0219,2.19e-05,0.108,0.919,93.955,hiphop
454,0.7,0.402,5,-9.93,0,0.278,0.0498,1.04e-06,0.16,0.499,77.871,hiphop
455,0.78,0.575,9,-7.247,0,0.273,0.43,0.0,0.143,0.773,84.492,hiphop
456,0.729,0.619,2,-6.798,1,0.386,0.204,0.0,0.0948,0.649,88.02,hiphop
457,0.835,0.447,6,-14.901,1,0.22,0.154,0.00876,0.108,0.839,113.083,hiphop
458,0.662,0.928,2,-4.688,1,0.377,0.00324,0.0,0.17,0.775,90.509,hiphop
459,0.775,0.795,5,-4.171,1,0.206,0.148,0.00119,0.0411,0.796,95.212,hiphop
460,0.834,0.878,8,-9.484,1,0.15,0.0461,0.0,0.334,0.418,102.848,hiphop
461,0.645,0.785,6,-6.016,0,0.365,0.0705,0.000111,0.38,0.673,172.174,hiphop
462,0.813,0.693,10,-8.0,0,0.266,0.0341,0.0,0.121,0.618,103.508,hiphop
463,0.775,0.451,1,-9.164,1,0.0567,0.296,6.31e-06,0.123,0.559,92.986,hiphop
464,0.927,0.678,11,-5.41,0,0.362,0.0471,0.0,0.0479,0.374,101.18,hiphop
465,0.618,0.836,0,-5.073,1,0.398,0.269,0.0,0.129,0.563,157.507,hiphop
466,0.645,0.705,1,-5.008,1,0.299,0.000813,0.0,0.128,0.376,137.133,hiphop
467,0.865,0.641,10,-6.652,0,0.162,0.0611,0.000107,0.218,0.762,95.307,hiphop
468,0.661,0.9,11,-5.0,0,0.363,0.0306,0.0,0.0937,0.459,91.841,hiphop
469,0.849,0.521,11,-12.999,0,0.216,0.304,1.65e-06,0.115,0.763,95.265,hiphop
470,0.716,0.58,10,-12.747,0,0.239,0.0694,6.71e-06,0.906,0.707,99.077,hiphop
471,0.833,0.619,7,-5.595,1,0.0538,0.111,2.13e-05,0.159,0.901,109.92,hiphop
472,0.761,0.899,10,-3.09,0,0.183,0.0135,0.0,0.0719,0.673,95.027,hiphop
473,0.837,0.78,6,-10.449,0,0.315,0.0527,4.58e-05,0.0894,0.645,93.556,hiphop
474,0.68,0.894,1,-4.86,1,0.255,0.0206,0.0,0.462,0.803,94.089,hiphop
475,0.796,0.543,1,-7.994,1,0.164,0.0486,0.00584,0.124,0.784,91.212,hiphop
476,0.49,0.818,5,-11.976,0,0.251,0.0336,0.0,0.378,0.334,81.942,hiphop
477,0.764,0.669,8,-5.57,1,0.363,0.0285,5.09e-06,0.337,0.934,89.832,hiphop
478,0.808,0.765,6,-7.363,0,0.302,0.00916,0.000196,0.0515,0.761,92.044,hiphop
479,0.592,0.77,1,-3.402,1,0.318,0.122,1.22e-06,0.103,0.361,191.692,hiphop
480,0.57,0.58,1,-5.547,1,0.21,0.0124,0.0,0.0498,0.404,171.812,hiphop
481,0.843,0.508,10,-13.918,1,0.221,0.00852,2.1e-06,0.648,0.704,91.094,hiphop
482,0.767,0.909,6,-4.347,0,0.276,0.0794,0.0,0.389,0.39,102.074,hiphop
483,0.423,0.965,2,-2.011,1,0.166,0.0105,1.01e-05,0.234,0.719,90.564,hiphop
484,0.635,0.512,2,-9.749,1,0.0911,0.175,0.0703,0.35,0.489,89.479,hiphop
485,0.728,0.832,7,-6.827,1,0.267,0.327,0.0,0.504,0.825,95.051,hiphop
486,0.843,0.806,4,-5.946,0,0.269,0.143,0.0,0.0771,0.613,94.948,hiphop
487,0.65,0.515,10,-8.722,0,0.198,0.0196,0.0,0.0974,0.885,97.052,hiphop
488,0.78,0.738,0,-8.876,0,0.335,0.23,0.0,0.261,0.838,96.902,hiphop
489,0.624,0.723,1,-6.782,1,0.378,0.172,0.0,0.483,0.757,84.789,hiphop
490,0.626,0.615,1,-6.142,1,0.346,0.265,0.0,0.0812,0.611,52.145,hiphop
491,0.895,0.5,2,-15.83,1,0.328,0.569,0.0,0.0937,0.462,113.811,hiphop
492,0.619,0.561,5,-5.351,0,0.0494,0.0087,6.74e-05,0.304,0.285,90.36,hiphop
493,0.73,0.837,6,-5.359,0,0.281,0.385,0.0,0.321,0.867,92.127,hiphop
494,0.358,0.889,1,-8.045,1,0.335,0.266,1.46e-05,0.172,0.666,85.61,hiphop
495,0.876,0.71,11,-12.908,1,0.347,0.0654,0.00312,0.918,0.724,98.305,hiphop
496,0.613,0.94,9,-5.566,1,0.198,0.00896,0.0,0.83,0.35,94.957,hiphop
497,0.322,0.555,11,-8.726,0,0.129,0.208,0.00437,0.325,0.397,96.019,hiphop
498,0.789,0.858,1,-5.542,1,0.311,0.127,0.0,0.349,0.775,140.022,hiphop
499,0.769,0.818,6,-1.385,0,0.192,0.263,0.0,0.0787,0.918,88.017,hiphop
500,0.556,0.0352,7,-20.86,0,0.0419,0.942,0.167,0.082,0.196,110.646,jazz
501,0.493,0.0421,2,-18.071,1,0.0347,0.913,0.173,0.0777,0.172,102.074,jazz
502,0.568,0.261,10,-16.72,1,0.0292,0.73,0.182,0.977,0.405,84.463,jazz
503,0.558,0.0891,2,-17.633,0,0.0643,0.946,0.924,0.0966,0.13,100.523,jazz
504,0.395,0.121,9,-23.427,1,0.0327,0.935,0.397,0.697,0.139,114.521,jazz
505,0.34,0.0837,3,-12.072,1,0.042,0.985,0.761,0.0945,0.119,138.689,jazz
506,0.406,0.208,1,-13.767,0,0.0413,0.962,0.929,0.181,0.291,102.778,jazz
507,0.562,0.447,8,-9.363,1,0.0636,0.633,0.125,0.0884,0.471,68.957,jazz
508,0.476,0.217,8,-10.75,1,0.0308,0.892,6.09e-05,0.0966,0.121,116.079,jazz
509,0.634,0.327,0,-9.703,0,0.0551,0.709,0.0131,0.158,0.498,80.825,jazz
510,0.742,0.671,5,-8.142,0,0.0407,0.794,0.00441,0.122,0.591,127.359,jazz
511,0.602,0.283,5,-16.768,0,0.0505,0.79,0.148,0.136,0.462,130.667,jazz
512,0.339,0.342,7,-7.596,0,0.0313,0.962,0.319,0.162,0.393,132.599,jazz
513,0.575,0.187,0,-13.081,0,0.0513,0.927,0.876,0.166,0.342,107.469,jazz
514,0.564,0.0822,8,-17.658,1,0.0453,0.962,0.583,0.11,0.483,127.422,jazz
515,0.542,0.32,8,-9.975,1,0.0387,0.907,0.649,0.0609,0.206,116.648,jazz
516,0.336,0.0619,5,-20.494,0,0.0363,0.985,0.891,0.11,0.197,60.705,jazz
517,0.376,0.278,0,-8.597,0,0.0416,0.912,0.886,0.0728,0.199,62.055,jazz
518,0.427,0.114,2,-22.546,0,0.0509,0.843,0.863,0.0966,0.114,60.484,jazz
519,0.539,0.403,8,-9.168,1,0.0531,0.794,0.000613,0.278,0.699,165.301,jazz
520,0.531,0.366,5,-11.697,0,0.0496,0.911,0.88,0.0916,0.785,81.867,jazz
521,0.384,0.125,3,-14.545,1,0.0413,0.943,0.439,0.265,0.221,66.978,jazz
522,0.553,0.0902,2,-21.491,1,0.043,0.984,0.91,0.1,0.289,89.369,jazz
523,0.548,0.151,1,-15.243,1,0.0501,0.991,0.888,0.103,0.608,87.964,jazz
524,0.588,0.0387,0,-17.944,0,0.06,0.978,0.823,0.116,0.342,83.4,jazz
525,0.488,0.0527,5,-27.331,1,0.0478,0.971,0.911,0.0882,0.193,49.689,jazz
526,0.564,0.305,10,-14.224,0,0.063,0.794,0.0983,0.152,0.571,115.739,jazz
527,0.356,0.0937,8,-16.64,0,0.0353,0.957,0.096,0.209,0.278,86.669,jazz
528,0.615,0.204,7,-16.075,1,0.0439,0.872,0.382,0.071,0.496,96.47,jazz
529,0.561,0.346,0,-12.596,0,0.0409,0.873,0.399,0.104,0.697,93.689,jazz
530,0.334,0.162,5,-17.274,1,0.0431,0.981,0.686,0.422,0.104,68.39,jazz
531,0.454,0.26,8,-13.193,0,0.0401,0.539,0.00078,0.0675,0.598,174.322,jazz
532,0.483,0.364,9,-10.78,0,0.0265,0.564,0.299,0.0542,0.349,98.445,jazz
533,0.376,0.66,5,-9.617,0,0.0551,0.719,0.0354,0.21,0.575,186.144,jazz
534,0.331,0.0491,4,-17.538,1,0.0403,0.99,0.905,0.334,0.331,124.657,jazz
535,0.49,0.476,7,-13.224,0,0.0365,0.696,0.00953,0.148,0.778,134.826,jazz
536,0.478,0.0294,0,-25.319,1,0.0453,0.993,0.948,0.105,0.148,124.308,jazz
537,0.378,0.232,0,-18.05,1,0.0303,0.87,0.948,0.1,0.155,148.531,jazz
538,0.58,0.48,7,-7.682,0,0.0339,0.837,0.00432,0.171,0.48,108.892,jazz
539,0.579,0.573,0,-11.194,1,0.0565,0.453,0.183,0.71,0.522,89.115,jazz
540,0.585,0.149,3,-13.139,1,0.0695,0.921,0.0809,0.0931,0.195,67.572,jazz
541,0.571,0.293,0,-11.914,0,0.0385,0.828,0.179,0.112,0.23,82.745,jazz
542,0.557,0.236,7,-18.582,0,0.0363,0.531,0.783,0.0868,0.328,139.573,jazz
543,0.492,0.151,5,-18.015,0,0.0421,0.918,0.00353,0.11,0.215,124.925,jazz
544,0.52,0.165,6,-15.827,0,0.0429,0.958,0.904,0.226,0.115,113.999,jazz
545,0.591,0.125,0,-14.429,1,0.0469,0.917,0.344,0.0956,0.403,83.624,jazz
546,0.466,0.0718,0,-17.999,1,0.0375,0.984,0.000931,0.107,0.196,121.769,jazz
547,0.803,0.335,8,-13.331,1,0.0451,0.579,0.0128,0.0849,0.786,132.682,jazz
548,0.596,0.23,0,-15.233,0,0.046,0.447,0.0,0.0832,0.249,71.757,jazz
549,0.584,0.44,5,-9.696,0,0.0329,0.713,6.37e-06,0.141,0.737,81.626,jazz
550,0.5,0.251,0,-12.981,0,0.0474,0.885,0.00165,0.248,0.697,174.935,jazz
551,0.54,0.0671,1,-18.633,1,0.0397,0.966,0.779,0.101,0.316,84.192,jazz
552,0.645,0.309,0,-16.798,0,0.0416,0.686,5.62e-06,0.243,0.824,104.792,jazz
553,0.487,0.145,5,-18.67,1,0.0522,0.876,0.822,0.149,0.142,110.134,jazz
554,0.327,0.145,5,-20.443,1,0.0397,0.945,0.884,0.091,0.136,178.966,jazz
555,0.36,0.429,9,-13.062,0,0.0399,0.472,7.46e-06,0.137,0.429,113.159,jazz
556,0.474,0.376,9,-10.482,0,0.0283,0.315,0.000748,0.147,0.253,81.001,jazz
557,0.558,0.327,10,-17.102,1,0.0395,0.562,7.93e-06,0.0832,0.252,114.097,jazz
558,0.704,0.277,0,-11.675,1,0.035,0.814,0.756,0.0845,0.322,90.38,jazz
559,0.301,0.459,9,-13.618,0,0.0365,0.129,0.0166,0.12,0.287,95.846,jazz
560,0.6,0.177,7,-16.07,1,0.0561,0.989,0.869,0.149,0.56,120.029,jazz
561,0.465,0.644,8,-7.646,1,0.106,0.496,0.179,0.176,0.355,81.896,jazz
562,0.464,0.0059,1,-22.41,1,0.0608,0.945,0.904,0.139,0.297,95.178,jazz
563,0.522,0.379,4,-14.096,0,0.0286,0.635,0.925,0.114,0.454,133.698,jazz
564,0.721,0.268,0,-16.844,1,0.0395,0.888,0.832,0.0681,0.54,94.907,jazz
565,0.688,0.552,7,-9.313,1,0.0359,0.689,0.194,0.0853,0.892,110.082,jazz
566,0.516,0.374,10,-10.388,0,0.0341,0.915,0.803,0.111,0.769,145.449,jazz
567,0.576,0.542,6,-10.167,1,0.0344,0.683,0.827,0.0513,0.565,124.019,jazz
568,0.421,0.0162,2,-25.358,0,0.0388,0.808,0.0024,0.0978,0.154,110.479,jazz
569,0.475,0.272,7,-16.72,0,0.041,0.69,0.0638,0.115,0.171,127.987,jazz
570,0.338,0.0139,2,-28.991,1,0.0492,0.996,0.953,0.11,0.144,79.964,jazz
571,0.486,0.0295,10,-21.988,0,0.0404,0.984,0.911,0.066,0.261,132.321,jazz
572,0.583,0.376,6,-10.914,1,0.0433,0.725,0.251,0.0642,0.614,120.713,jazz
573,0.465,0.23,10,-19.008,1,0.0427,0.905,0.848,0.102,0.61,170.086,jazz
574,0.701,0.445,1,-10.583,1,0.0834,0.149,0.59,0.0963,0.405,103.004,jazz
575,0.413,0.0846,2,-23.385,1,0.0362,0.967,0.815,0.108,0.0879,131.083,jazz
576,0.595,0.0831,5,-16.39,0,0.0489,0.972,0.704,0.124,0.184,129.73,jazz
577,0.432,0.0299,5,-20.965,1,0.0411,0.971,0.265,0.167,0.19,98.348,jazz
578,0.532,0.0657,0,-19.136,0,0.0406,0.94,0.00488,0.0946,0.292,128.607,jazz
579,0.472,0.478,6,-9.504,1,0.044,0.698,1.46e-05,0.13,0.478,140.766,jazz
580,0.464,0.348,2,-16.087,0,0.0345,0.907,0.856,0.159,0.705,145.953,jazz
581,0.464,0.305,3,-12.435,0,0.0316,0.936,0.0846,0.208,0.282,108.229,jazz
582,0.378,0.372,5,-13.408,0,0.0746,0.759,0.00226,0.327,0.462,137.318,jazz
583,0.371,0.0823,3,-20.45,1,0.0352,0.963,0.49,0.0838,0.0789,106.146,jazz
584,0.637,0.257,10,-17.527,0,0.0549,0.881,0.706,0.975,0.304,126.544,jazz
585,0.515,0.583,0,-8.182,0,0.0284,0.749,0.000294,0.123,0.414,116.11,jazz
586,0.581,0.552,7,-9.529,0,0.046,0.506,5.07e-05,0.0897,0.747,103.772,jazz
587,0.378,0.117,3,-26.402,1,0.0343,0.93,0.894,0.0945,0.153,123.466,jazz
588,0.26,0.203,7,-12.231,0,0.0353,0.99,0.944,0.134,0.064,173.503,jazz
589,0.564,0.162,6,-12.06,1,0.0331,0.984,0.358,0.125,0.57,62.56,jazz
590,0.491,0.0365,3,-16.364,1,0.0447,0.971,0.804,0.2,0.235,114.771,jazz
591,0.509,0.224,0,-11.123,1,0.0327,0.736,0.301,0.327,0.17,112.355,jazz
592,0.48,0.5,10,-11.203,1,0.0418,0.685,0.0155,0.0651,0.807,106.537,jazz
593,0.499,0.393,0,-15.793,0,0.0301,0.881,0.617,0.119,0.569,140.961,jazz
594,0.624,0.358,5,-9.243,0,0.0396,0.807,0.389,0.106,0.506,123.665,jazz
595,0.632,0.647,7,-8.096,0,0.0553,0.278,0.165,0.122,0.835,118.934,jazz
596,0.44,0.182,0,-11.911,1,0.0427,0.967,0.901,0.0852,0.524,124.047,jazz
597,0.536,0.131,2,-18.365,1,0.049,0.991,0.905,0.128,0.0981,129.586,jazz
598,0.581,0.27,7,-17.408,0,0.0353,0.817,0.0156,0.108,0.7,90.678,jazz
599,0.483,0.186,7,-21.824,0,0.0409,0.939,0.873,0.115,0.498,150.87,jazz
600,0.317,0.937,9,-5.244,1,0.0651,0.00174,0.723,0.352,0.559,146.584,metal
601,0.302,0.805,6,-11.395,0,0.0967,0.000849,4.19e-06,0.151,0.578,112.766,metal
602,0.282,0.905,0,-9.455,1,0.114,0.000278,0.375,0.0894,0.554,133.837,metal
603,0.508,0.852,6,-7.842,1,0.0718,0.00134,0.0,0.363,0.184,129.174,metal
604,0.362,0.961,2,-5.664,1,0.0857,0.024,9.35e-06,0.159,0.491,164.019,metal
605,0.291,0.758,1,-12.103,1,0.0556,0.000918,6.84e-06,0.291,0.446,80.601,metal
606,0.365,0.978,9,-6.314,1,0.0698,0.00016,0.00241,0.206,0.108,101.886,metal
607,0.445,0.959,7,-5.875,1,0.0612,3.16e-05,0.00678,0.178,0.365,97.974,metal
608,0.294,0.613,1,-10.527,1,0.0374,0.234,0.000498,0.139,0.231,112.767,metal
609,0.544,0.739,9,-7.383,1,0.0517,0.00392,0.000143,0.168,0.328,118.287,metal
610,0.428,0.947,10,-8.516,0,0.0751,0.000679,0.0563,0.262,0.223,102.335,metal
611,0.229,0.704,9,-4.692,1,0.0342,0.000135,0.000384,0.15,0.179,74.6,metal
612,0.362,0.797,3,-8.824,0,0.0424,0.00328,2e-06,0.0668,0.753,107.249,metal
613,0.262,0.988,4,-4.939,0,0.117,1.63e-05,0.733,0.21,0.259,113.663,metal
614,0.473,0.783,10,-10.671,0,0.0869,0.0125,0.475,0.268,0.124,91.976,metal
615,0.52,0.724,1,-8.277,0,0.0364,0.019,0.163,0.137,0.421,90.014,metal
616,0.24,0.958,11,-10.151,0,0.1,2.73e-05,0.0354,0.769,0.0718,161.887,metal
617,0.534,0.969,3,-3.378,1,0.0535,0.000359,0.564,0.269,0.598,75.005,metal
618,0.355,0.922,0,-7.331,0,0.103,0.136,0.0138,0.265,0.276,126.937,metal
619,0.197,0.885,4,-11.437,1,0.0664,2.22e-05,0.000981,0.126,0.332,158.964,metal
620,0.329,0.885,9,-10.661,1,0.0904,0.0242,0.00433,0.735,0.481,163.538,metal
621,0.477,0.859,0,-8.625,1,0.0387,0.000333,0.000155,0.265,0.629,91.009,metal
622,0.36,0.99,8,-4.444,1,0.17,1.25e-05,3.12e-05,0.172,0.151,191.99,metal
623,0.175,0.969,1,-4.496,1,0.0877,0.000458,0.0853,0.0889,0.295,192.481,metal
624,0.437,0.891,8,-4.159,1,0.0326,0.000324,8.46e-05,0.0539,0.444,133.814,metal
625,0.61,0.891,4,-5.452,0,0.0587,0.000805,0.0928,0.0657,0.51,139.903,metal
626,0.34,0.783,1,-6.235,1,0.0394,0.00457,0.000153,0.0812,0.312,81.932,metal
627,0.329,0.974,3,-8.77,0,0.135,0.000852,0.000118,0.0904,0.234,140.862,metal
628,0.245,0.933,4,-8.148,0,0.0863,3.43e-05,0.182,0.0437,0.456,178.555,metal
629,0.575,0.881,9,-13.012,1,0.0357,0.000117,2.69e-05,0.147,0.699,132.127,metal
630,0.496,0.62,4,-7.458,0,0.0265,0.00386,1.47e-06,0.114,0.279,140.06,metal
631,0.145,0.988,1,-3.131,1,0.0834,4.68e-06,0.00755,0.293,0.215,187.877,metal
632,0.166,0.927,7,-8.797,1,0.0736,3.94e-06,0.651,0.344,0.219,131.984,metal
633,0.285,0.825,1,-7.049,0,0.0466,0.000826,0.0,0.268,0.516,164.611,metal
634,0.196,0.995,4,-4.887,0,0.104,1.17e-06,0.0492,0.266,0.177,91.0,metal
635,0.245,0.861,2,-8.728,1,0.0415,0.000256,0.871,0.216,0.483,91.056,metal
636,0.462,0.628,7,-5.659,1,0.0274,0.0534,0.00025,0.12,0.0981,140.049,metal
637,0.158,0.572,7,-6.293,0,0.0346,0.000926,0.893,0.144,0.347,79.176,metal
638,0.285,0.908,4,-4.601,0,0.0705,0.0318,0.00909,0.311,0.669,159.756,metal
639,0.19,0.934,1,-7.796,1,0.056,8.08e-06,0.107,0.363,0.36,98.424,metal
640,0.342,0.888,2,-11.883,1,0.0463,0.000175,0.46,0.139,0.195,126.69,metal
641,0.459,0.923,10,-6.081,0,0.0709,9.19e-05,1.46e-06,0.454,0.548,119.838,metal
642,0.483,0.893,4,-3.785,0,0.0652,0.018,0.00075,0.162,0.2,131.681,metal
643,0.189,0.95,11,-9.648,1,0.0954,0.00371,0.000779,0.0543,0.124,155.558,metal
644,0.429,0.631,4,-11.514,0,0.0769,7.85e-05,0.00411,0.175,0.376,162.734,metal
645,0.232,0.931,9,-8.804,1,0.0808,0.00413,0.756,0.0927,0.0371,122.684,metal
646,0.486,0.487,9,-11.633,0,0.0341,0.445,1.44e-05,0.0648,0.373,81.972,metal
647,0.374,0.728,1,-11.502,1,0.0572,0.000245,0.00582,0.113,0.348,105.392,metal
648,0.365,0.763,11,-9.45,0,0.0591,0.00726,0.000457,0.0865,0.342,148.366,metal
649,0.294,0.995,1,-4.383,0,0.168,0.000489,0.331,0.128,0.0379,88.777,metal
650,0.487,0.989,5,-3.945,1,0.0799,0.0013,0.000103,0.344,0.27,98.0,metal
651,0.571,0.905,4,-7.656,0,0.0513,0.00839,0.00162,0.109,0.457,88.098,metal
652,0.314,0.964,0,-4.276,1,0.0939,0.00135,0.000247,0.289,0.238,177.931,metal
653,0.321,0.958,8,-10.495,1,0.0872,0.103,7.43e-05,0.0994,0.106,117.875,metal
654,0.557,0.978,0,-7.878,1,0.0572,0.00275,0.00712,0.158,0.551,148.472,metal
655,0.288,0.997,1,-5.335,0,0.241,7.06e-06,0.439,0.196,0.0398,122.508,metal
656,0.535,0.889,10,-5.547,0,0.0533,9.92e-05,0.41,0.329,0.327,97.493,metal
657,0.517,0.98,7,-4.011,1,0.102,1.97e-06,0.00191,0.0758,0.0422,110.023,metal
658,0.424,0.971,10,-7.376,0,0.13,7.12e-06,0.0302,0.214,0.322,146.016,metal
659,0.515,0.805,2,-8.593,1,0.0423,7.58e-05,0.545,0.105,0.713,124.505,metal
660,0.461,0.961,8,-3.011,1,0.0479,6.39e-06,0.14,0.308,0.416,96.009,metal
661,0.427,0.79,10,-12.396,1,0.0513,4.18e-05,0.51,0.344,0.443,111.298,metal
662,0.585,0.881,5,-4.719,0,0.0366,2.27e-05,0.000939,0.376,0.425,107.028,metal
663,0.238,0.759,0,-12.476,1,0.0624,0.000407,0.002,0.608,0.732,193.044,metal
664,0.454,0.969,1,-4.897,0,0.0748,2.18e-05,0.171,0.0709,0.386,140.172,metal
665,0.577,0.901,1,-5.981,1,0.0492,0.000431,3.59e-06,0.672,0.337,90.997,metal
666,0.244,0.943,3,-4.208,1,0.156,0.000744,2.67e-05,0.157,0.544,174.333,metal
667,0.118,0.982,10,-5.349,0,0.231,2.26e-05,0.253,0.22,0.0345,96.128,metal
668,0.46,0.889,1,-6.279,0,0.0581,4.15e-05,0.656,0.0671,0.219,114.994,metal
669,0.555,0.959,1,-4.58,1,0.0668,2.68e-05,0.543,0.0969,0.299,102.531,metal
670,0.332,0.965,9,-9.103,1,0.173,0.00767,0.907,0.369,0.227,94.853,metal
671,0.495,0.835,10,-13.211,1,0.0523,0.00353,0.0,0.24,0.153,131.351,metal
672,0.357,0.98,6,-6.835,1,0.079,5.22e-05,0.843,0.0768,0.368,96.969,metal
673,0.321,0.556,8,-8.802,0,0.0329,0.00518,0.0901,0.125,0.167,180.293,metal
674,0.502,0.924,4,-6.299,1,0.0503,0.0127,0.0,0.162,0.922,149.186,metal
675,0.568,0.905,5,-6.113,0,0.0333,8.05e-05,0.841,0.0969,0.413,126.008,metal
676,0.325,0.996,5,-2.95,0,0.096,1.99e-05,0.0389,0.186,0.354,120.013,metal
677,0.131,0.975,7,-7.228,1,0.118,1.61e-06,0.914,0.0862,0.393,79.467,metal
678,0.374,0.92,6,-4.653,1,0.0501,1.62e-05,0.026,0.0802,0.278,191.014,metal
679,0.484,0.915,0,-5.0,1,0.0684,0.00264,0.00305,0.234,0.26,110.039,metal
680,0.159,0.964,4,-4.452,0,0.0871,1.11e-06,0.302,0.0819,0.0567,133.026,metal
681,0.566,0.844,1,-4.705,0,0.0311,3.06e-05,0.0914,0.0874,0.682,109.023,metal
682,0.402,0.86,8,-7.689,1,0.039,1.43e-06,0.895,0.103,0.427,108.118,metal
683,0.428,0.874,4,-6.664,0,0.128,0.000337,0.0419,0.311,0.261,119.708,metal
684,0.155,0.947,0,-5.735,1,0.0984,0.00254,0.00251,0.235,0.27,185.502,metal
685,0.474,0.974,7,-3.715,0,0.0688,2.26e-06,0.0177,0.499,0.227,105.018,metal
686,0.548,0.858,8,-5.729,1,0.0745,0.000155,0.00169,0.0951,0.374,104.177,metal
687,0.219,0.919,8,-5.379,1,0.0833,4e-06,0.0022,0.164,0.399,119.522,metal
688,0.146,0.947,0,-5.708,1,0.0838,7.68e-05,0.905,0.185,0.0891,104.353,metal
689,0.27,0.996,6,-4.423,1,0.153,2.51e-05,0.737,0.191,0.117,113.082,metal
690,0.267,1.0,4,-4.92,0,0.135,0.016,0.447,0.45,0.0215,138.616,metal
691,0.28,0.908,2,-5.509,0,0.109,0.0327,8.85e-06,0.18,0.26,118.698,metal
692,0.534,0.957,9,-6.655,1,0.0579,9.1e-06,0.443,0.0438,0.425,129.77,metal
693,0.475,0.576,9,-13.059,1,0.0312,0.0218,0.0221,0.391,0.524,96.378,metal
694,0.528,0.879,9,-5.343,1,0.0545,0.0018,0.000111,0.209,0.553,90.062,metal
695,0.43,0.704,1,-8.008,0,0.0804,0.000155,0.00221,0.0933,0.703,118.242,metal
696,0.429,0.951,7,-4.971,1,0.0581,0.000379,0.468,0.116,0.183,100.01,metal
697,0.201,0.892,3,-7.052,0,0.0475,0.0383,1.87e-05,0.278,0.432,91.073,metal
698,0.123,0.991,7,-2.727,1,0.182,2.52e-06,0.0058,0.234,0.114,191.533,metal
699,0.408,0.953,7,-3.883,1,0.226,0.00532,0.0,0.338,0.291,177.94,metal
700,0.823,0.544,5,-7.132,1,0.0715,0.0215,0.00315,0.0966,0.664,149.903,pop
701,0.573,0.739,0,-5.74,1,0.129,0.0285,0.0,0.111,0.451,97.085,pop
702,0.765,0.523,2,-4.333,1,0.03,0.184,3.56e-05,0.132,0.394,104.988,pop
703,0.259,0.437,11,-6.589,0,0.0386,0.102,1.32e-06,0.106,0.0951,180.042,pop
704,0.262,0.606,8,-6.646,1,0.0484,0.247,0.0,0.125,0.275,189.857,pop
705,0.694,0.712,7,-3.923,0,0.046,0.133,0.0,0.211,0.799,98.022,pop
706,0.705,0.64,11,-6.928,0,0.225,0.0237,0.0,0.262,0.887,144.077,pop
707,0.664,0.708,8,-4.154,1,0.0474,0.0337,0.0,0.0841,0.742,103.07,pop
708,0.728,0.415,8,-6.852,1,0.0639,0.401,0.0,0.0616,0.455,114.145,pop
709,0.803,0.585,8,-5.861,1,0.0432,0.103,3.94e-06,0.0644,0.593,105.017,pop
710,0.752,0.488,6,-7.05,1,0.0705,0.297,9.11e-06,0.0936,0.533,136.041,pop
711,0.781,0.843,7,-3.445,1,0.0349,0.0672,1.27e-06,0.0637,0.616,111.992,pop
712,0.548,0.601,5,-7.366,0,0.235,0.324,0.0,0.107,0.358,155.554,pop
713,0.842,0.734,1,-5.065,0,0.0588,0.0427,0.0,0.106,0.952,137.958,pop
714,0.642,0.772,10,-6.61,1,0.0848,0.0476,0.0,0.0646,0.589,153.995,pop
715,0.375,0.461,9,-6.202,1,0.0279,0.627,0.0,0.386,0.233,75.217,pop
716,0.706,0.783,0,-3.441,0,0.1,0.315,0.0,0.373,0.739,150.045,pop
717,0.729,0.65,5,-3.539,1,0.0313,0.0702,6.69e-05,0.0829,0.347,110.02,pop
718,0.74,0.415,0,-8.914,1,0.0707,0.242,0.000156,0.319,0.156,136.029,pop
719,0.407,0.416,6,-8.915,0,0.174,0.656,0.0,0.0981,0.246,176.947,pop
720,0.578,0.537,9,-8.676,1,0.0832,0.162,0.0,0.076,0.25,83.909,pop
721,0.774,0.753,4,-5.446,0,0.0517,0.152,0.0,0.0371,0.896,119.002,pop
722,0.448,0.824,5,-4.249,0,0.057,0.0739,0.0,0.113,0.419,119.965,pop
723,0.755,0.837,2,-2.718,0,0.142,0.0991,0.0,0.289,0.714,120.028,pop
724,0.812,0.519,2,-4.823,1,0.0385,0.379,0.0,0.13,0.554,104.954,pop
725,0.697,0.683,1,-2.881,0,0.117,0.0372,0.0,0.137,0.603,96.133,pop
726,0.526,0.818,3,-5.952,1,0.0358,0.0587,0.0,0.333,0.896,171.96,pop
727,0.63,0.53,0,-7.259,1,0.0434,0.4,0.0,0.177,0.417,108.038,pop
728,0.858,0.678,1,-3.87,0,0.0469,0.0761,0.0,0.0741,0.922,117.009,pop
729,0.708,0.186,9,-8.953,0,0.042,0.868,0.0,0.0779,0.322,72.541,pop
730,0.753,0.657,7,-3.061,1,0.0449,0.171,0.0,0.112,0.437,107.01,pop
731,0.749,0.461,10,-2.961,0,0.0416,0.0516,6.24e-06,0.0738,0.42,139.02,pop
732,0.781,0.67,3,-3.912,0,0.0452,0.0103,0.0,0.0761,0.595,127.99,pop
733,0.752,0.505,9,-7.621,1,0.253,0.535,2.55e-06,0.104,0.419,91.97,pop
734,0.779,0.705,0,-3.895,1,0.0344,0.369,7.91e-06,0.124,0.946,101.022,pop
735,0.443,0.582,2,-6.02,1,0.0482,0.0301,0.0,0.127,0.239,147.589,pop
736,0.557,0.457,7,-5.372,1,0.0335,0.428,0.0,0.0567,0.328,105.918,pop
737,0.64,0.392,2,-7.246,0,0.0574,0.0593,0.0,0.0839,0.502,145.838,pop
738,0.724,0.594,6,-7.126,0,0.102,0.393,0.00116,0.0889,0.413,136.002,pop
739,0.873,0.495,6,-5.446,1,0.0518,0.199,0.0,0.0805,0.546,106.033,pop
740,0.587,0.583,5,-5.284,0,0.0313,0.248,0.0,0.124,0.15,139.92,pop
741,0.629,0.327,11,-8.285,1,0.029,0.761,2.96e-05,0.103,0.381,74.953,pop
742,0.728,0.563,1,-8.053,0,0.134,0.621,0.0,0.179,0.352,100.017,pop
743,0.683,0.42,5,-6.51,1,0.0542,0.0875,0.0,0.225,0.469,128.621,pop
744,0.667,0.373,4,-9.389,1,0.05,0.785,0.0,0.0906,0.0823,124.148,pop
745,0.672,0.625,7,-5.068,0,0.0468,0.0774,0.0,0.0934,0.423,120.038,pop
746,0.606,0.9,0,-4.504,1,0.119,0.0101,0.0,0.075,0.233,133.963,pop
747,0.647,0.585,6,-6.123,1,0.0512,0.00314,0.0,0.165,0.353,131.934,pop
748,0.674,0.881,9,-2.853,1,0.147,0.296,3.01e-06,0.0793,0.234,98.994,pop
749,0.696,0.686,5,-6.113,0,0.0309,0.262,0.0,0.174,0.7,115.982,pop
750,0.421,0.407,10,-7.445,1,0.0267,0.309,0.000961,0.11,0.161,139.028,pop
751,0.912,0.716,10,-4.141,0,0.0697,0.0904,0.0,0.0491,0.377,94.981,pop
752,0.708,0.641,7,-4.296,1,0.0335,0.205,0.0,0.0945,0.253,113.082,pop
753,0.783,0.58,7,-6.548,1,0.0408,0.0114,2.28e-06,0.108,0.66,120.021,pop
754,0.674,0.428,7,-9.504,1,0.122,0.121,0.0,0.132,0.337,84.878,pop
755,0.655,0.787,2,-3.031,1,0.264,0.122,3.11e-06,0.178,0.554,181.799,pop
756,0.741,0.667,10,-5.445,1,0.134,0.0575,0.0,0.106,0.595,112.956,pop
757,0.464,0.473,1,-10.086,1,0.129,0.866,0.0,0.109,0.604,75.801,pop
758,0.637,0.666,10,-6.773,0,0.0494,0.161,0.0,0.108,0.529,104.02,pop
759,0.746,0.611,0,-7.034,0,0.101,0.454,0.000922,0.133,0.411,149.967,pop
760,0.476,0.652,2,-4.546,0,0.104,0.23,0.0,0.136,0.47,190.118,pop
761,0.72,0.791,1,-4.689,1,0.124,0.0384,0.0,0.157,0.756,102.071,pop
762,0.77,0.636,11,-6.724,0,0.131,0.169,0.0,0.0676,0.492,105.93,pop
763,0.692,0.443,1,-5.671,1,0.0386,0.214,0.0,0.06,0.363,127.899,pop
764,0.7,0.872,10,-5.896,1,0.0666,0.121,7.08e-06,0.103,0.761,125.03,pop
765,0.702,0.825,6,-3.787,0,0.0601,0.00883,0.0,0.0674,0.915,102.977,pop
766,0.56,0.857,4,-4.145,0,0.0384,0.0594,0.0,0.381,0.432,119.975,pop
767,0.73,0.861,1,-4.1,1,0.0451,0.39,0.0,0.213,0.704,117.965,pop
768,0.627,0.858,7,-3.116,1,0.0394,0.0288,0.0,0.199,0.399,100.074,pop
769,0.358,0.557,10,-7.398,1,0.059,0.695,0.0,0.0902,0.494,85.043,pop
770,0.712,0.564,8,-6.527,1,0.047,0.0266,0.0,0.0874,0.411,95.95,pop
771,0.495,0.856,0,-5.123,0,0.0311,0.000219,0.0,0.103,0.609,158.024,pop
772,0.664,0.705,1,-4.972,0,0.0382,0.0654,0.0,0.118,0.477,122.016,pop
773,0.418,0.721,8,-2.736,1,0.0383,0.0486,0.0,0.0984,0.233,144.063,pop
774,0.659,0.911,4,-2.28,1,0.0786,0.154,0.000304,0.191,0.576,91.999,pop
775,0.586,0.128,7,-9.297,1,0.0496,0.963,0.0,0.0858,0.371,123.498,pop
776,0.561,0.0848,2,-15.099,1,0.0404,0.913,2.62e-05,0.112,0.206,102.128,pop
777,0.762,0.863,0,-3.689,0,0.0561,0.015,0.0,0.125,0.965,106.012,pop
778,0.394,0.821,6,-4.304,0,0.0404,0.00302,0.019,0.186,0.509,82.764,pop
779,0.742,0.595,9,-7.51,1,0.107,0.15,0.0,0.111,0.431,101.013,pop
780,0.747,0.716,11,-2.457,0,0.075,0.135,0.0,0.251,0.751,125.008,pop
781,0.374,0.344,2,-11.94,1,0.0304,0.355,0.0,0.0966,0.216,106.413,pop
782,0.715,0.872,2,-3.835,1,0.0509,0.00351,3.84e-05,0.107,0.748,93.043,pop
783,0.466,0.759,8,-4.978,0,0.199,0.0521,0.0,0.0587,0.328,160.033,pop
784,0.877,0.637,1,-3.493,0,0.101,0.00516,2.5e-06,0.0959,0.569,119.988,pop
785,0.748,0.524,8,-5.599,1,0.0338,0.414,0.0,0.111,0.661,95.01,pop
786,0.641,0.537,0,-5.452,0,0.0282,0.0875,9.05e-06,0.115,0.0681,112.864,pop
787,0.681,0.453,7,-6.09,1,0.0278,0.263,0.0,0.0543,0.348,125.772,pop
788,0.596,0.552,0,-10.278,0,0.097,0.0765,0.334,0.104,0.112,97.949,pop
789,0.551,0.537,11,-7.595,1,0.034,0.705,0.0,0.0802,0.493,126.421,pop
790,0.546,0.311,1,-10.396,1,0.0288,0.818,1.65e-05,0.107,0.246,147.464,pop
791,0.583,0.829,1,-4.603,1,0.134,0.00864,0.0,0.0426,0.575,174.028,pop
792,0.955,0.369,8,-7.614,1,0.0502,0.223,0.0,0.14,0.343,107.98,pop
793,0.789,0.711,2,-4.248,1,0.041,0.0332,0.0,0.0876,0.753,112.985,pop
794,0.756,0.77,1,-3.502,1,0.0343,0.191,0.0,0.178,0.73,119.961,pop
795,0.426,0.476,2,-6.64,1,0.0741,0.185,0.0,0.327,0.169,179.793,pop
796,0.726,0.787,4,-2.494,1,0.0737,0.009,0.0,0.0596,0.888,124.99,pop
797,0.392,0.579,7,-9.195,1,0.164,0.835,0.00179,0.145,0.549,80.961,pop
798,0.456,0.573,5,-3.866,0,0.0275,0.578,3.05e-06,0.114,0.0992,76.19,pop
799,0.476,0.594,5,-6.879,1,0.135,0.0599,0.0,0.0785,0.314,159.702,pop
800,0.76,0.568,2,-12.166,0,0.0578,0.0521,0.000932,0.0666,0.962,144.678,reggae
801,0.782,0.43,1,-14.285,1,0.363,0.175,0.000294,0.0603,0.89,72.339,reggae
802,0.825,0.433,5,-13.085,0,0.337,0.0585,0.0,0.0618,0.687,127.686,reggae
803,0.7,0.473,7,-9.893,0,0.0687,0.129,0.000891,0.0452,0.578,91.558,reggae
804,0.846,0.564,4,-10.915,0,0.0981,0.0176,0.026,0.0713,0.708,131.25,reggae
805,0.743,0.443,7,-11.808,1,0.0878,0.049,1.25e-05,0.131,0.467,84.159,reggae
806,0.824,0.366,7,-10.96,1,0.145,0.039,0.106,0.0403,0.895,73.949,reggae
807,0.795,0.415,0,-10.466,1,0.153,0.127,8.76e-06,0.0669,0.821,76.28,reggae
808,0.779,0.533,6,-14.152,1,0.0535,0.272,0.159,0.13,0.944,142.495,reggae
809,0.501,0.407,9,-13.142,0,0.305,0.252,0.000342,0.128,0.722,77.152,reggae
810,0.822,0.324,0,-12.85,1,0.0422,0.021,0.000302,0.0647,0.698,84.3,reggae
811,0.756,0.558,4,-16.157,1,0.0476,0.162,5.5e-06,0.0748,0.802,97.002,reggae
812,0.707,0.716,10,-8.962,0,0.0879,0.057,4.25e-06,0.36,0.966,154.118,reggae
813,0.828,0.354,11,-13.34,0,0.256,0.306,0.0,0.0832,0.788,72.73,reggae
814,0.604,0.458,4,-15.055,0,0.161,0.432,0.00446,0.0804,0.636,174.248,reggae
815,0.888,0.521,4,-6.845,1,0.306,0.229,0.0,0.0794,0.962,143.879,reggae
816,0.825,0.62,2,-6.083,1,0.211,0.183,0.0,0.0822,0.744,150.243,reggae
817,0.686,0.652,9,-7.586,0,0.111,0.0331,8.34e-06,0.0578,0.503,141.185,reggae
818,0.778,0.513,0,-9.948,1,0.142,0.651,3.03e-06,0.149,0.794,105.378,reggae
819,0.739,0.758,5,-6.418,0,0.103,0.405,5.18e-05,0.0808,0.787,92.878,reggae
820,0.675,0.526,1,-11.39,1,0.0403,0.653,0.000319,0.305,0.93,77.964,reggae
821,0.765,0.555,10,-7.579,0,0.374,0.409,2.04e-06,0.073,0.828,77.848,reggae
822,0.932,0.359,11,-12.958,0,0.0944,0.0597,0.0,0.136,0.906,127.153,reggae
823,0.918,0.393,7,-16.088,1,0.15,0.0314,0.000153,0.0269,0.803,131.84,reggae
824,0.718,0.341,8,-10.771,1,0.106,0.513,0.943,0.126,0.487,159.054,reggae
825,0.852,0.44,2,-11.456,1,0.0747,0.761,0.157,0.102,0.964,135.399,reggae
826,0.818,0.459,9,-11.172,0,0.19,0.392,1.15e-05,0.0489,0.726,78.469,reggae
827,0.749,0.296,4,-17.927,1,0.356,0.0713,0.00458,0.0879,0.475,164.707,reggae
828,0.766,0.427,4,-10.959,0,0.336,0.731,0.000572,0.184,0.823,74.063,reggae
829,0.727,0.413,0,-8.844,1,0.352,0.00565,2.71e-06,0.138,0.814,69.884,reggae
830,0.818,0.418,4,-9.336,0,0.2,0.0321,1.56e-05,0.0736,0.609,148.588,reggae
831,0.822,0.616,8,-5.509,1,0.181,0.25,1.15e-05,0.107,0.665,83.692,reggae
832,0.886,0.522,7,-7.971,1,0.173,0.0477,0.00108,0.207,0.79,82.439,reggae
833,0.813,0.395,0,-11.573,1,0.0721,0.0615,6.72e-06,0.0923,0.783,83.117,reggae
834,0.78,0.427,5,-8.371,0,0.126,0.128,1.76e-05,0.0697,0.526,71.665,reggae
835,0.749,0.849,4,-5.761,0,0.0544,0.0299,0.000168,0.115,0.959,145.169,reggae
836,0.841,0.547,5,-8.69,0,0.0601,0.845,0.256,0.0704,0.844,112.852,reggae
837,0.715,0.389,8,-10.78,0,0.153,0.0142,0.913,0.068,0.318,80.108,reggae
838,0.938,0.815,9,-7.747,0,0.138,0.452,0.00418,0.346,0.877,124.325,reggae
839,0.735,0.507,6,-11.17,0,0.0842,0.136,0.0176,0.373,0.783,144.093,reggae
840,0.637,0.612,1,-7.298,1,0.0661,0.0314,0.000326,0.155,0.711,76.295,reggae
841,0.865,0.549,0,-10.083,1,0.244,0.0845,0.156,0.081,0.616,142.8,reggae
842,0.88,0.674,1,-6.646,0,0.0935,0.00221,0.00406,0.0634,0.844,124.196,reggae
843,0.89,0.597,9,-6.643,0,0.0668,0.046,1.28e-06,0.145,0.768,145.946,reggae
844,0.622,0.459,5,-12.021,1,0.0402,0.0108,0.898,0.0952,0.698,148.008,reggae
845,0.717,0.578,2,-7.54,1,0.102,0.00354,8.89e-05,0.301,0.919,74.424,reggae
846,0.804,0.531,1,-6.467,1,0.0926,0.0241,0.13,0.361,0.768,141.263,reggae
847,0.868,0.696,9,-6.122,0,0.0655,0.00254,0.0545,0.533,0.905,117.654,reggae
848,0.74,0.646,1,-7.204,0,0.0594,0.503,0.000235,0.061,0.689,100.92,reggae
849,0.789,0.793,4,-6.629,0,0.107,0.0217,0.826,0.112,0.743,149.368,reggae
850,0.795,0.519,1,-9.514,1,0.0357,0.137,0.808,0.126,0.945,154.948,reggae
851,0.742,0.24,0,-17.495,0,0.0825,0.106,0.661,0.116,0.932,139.861,reggae
852,0.787,0.542,10,-9.345,0,0.256,0.0202,0.0303,0.163,0.777,147.074,reggae
853,0.813,0.236,1,-19.583,0,0.293,0.0284,0.00671,0.0977,0.523,146.564,reggae
854,0.717,0.389,10,-12.626,0,0.121,0.0115,0.0138,0.103,0.661,99.924,reggae
855,0.821,0.658,7,-7.673,0,0.0363,0.0436,0.00301,0.303,0.89,128.753,reggae
856,0.719,0.435,5,-9.358,1,0.0856,0.149,0.0,0.261,0.582,76.67,reggae
857,0.888,0.462,7,-8.615,1,0.205,0.0159,0.000218,0.301,0.435,100.352,reggae
858,0.793,0.369,7,-14.082,1,0.0682,0.685,0.343,0.0973,0.793,106.884,reggae
859,0.83,0.338,1,-11.754,1,0.133,0.0352,0.797,0.129,0.618,149.28,reggae
860,0.756,0.419,11,-15.37,0,0.172,0.000372,0.0193,0.039,0.841,129.215,reggae
861,0.819,0.382,7,-10.301,1,0.0752,0.0992,0.411,0.0846,0.195,131.901,reggae
862,0.812,0.448,5,-11.048,1,0.0505,0.11,0.00126,0.0542,0.874,116.557,reggae
863,0.881,0.235,0,-12.761,1,0.0553,0.129,0.000691,0.0405,0.835,123.488,reggae
864,0.784,0.15,1,-19.636,0,0.161,0.478,0.187,0.145,0.564,118.955,reggae
865,0.734,0.42,9,-11.126,1,0.101,0.0312,0.0569,0.0778,0.573,76.767,reggae
866,0.785,0.517,4,-9.163,0,0.0802,0.675,0.0116,0.384,0.802,74.488,reggae
867,0.836,0.532,6,-11.223,0,0.106,0.26,0.85,0.188,0.938,87.947,reggae
868,0.735,0.497,8,-9.596,1,0.178,0.0996,1.06e-05,0.325,0.52,81.324,reggae
869,0.794,0.57,7,-7.753,1,0.0645,0.0197,0.014,0.104,0.575,143.977,reggae
870,0.813,0.486,8,-7.627,1,0.0487,0.00054,0.000405,0.113,0.676,139.14,reggae
871,0.616,0.512,0,-5.181,1,0.27,0.1,0.0,0.142,0.71,72.044,reggae
872,0.792,0.256,8,-12.525,1,0.191,0.229,0.548,0.35,0.563,87.774,reggae
873,0.717,0.427,7,-11.129,1,0.106,9.74e-05,0.922,0.0754,0.773,150.257,reggae
874,0.837,0.532,1,-7.241,1,0.373,0.00584,0.0,0.079,0.728,72.043,reggae
875,0.691,0.662,4,-10.045,1,0.053,0.404,0.00509,0.465,0.947,157.367,reggae
876,0.81,0.618,7,-10.581,1,0.0382,0.0139,0.000254,0.0296,0.804,120.063,reggae
877,0.8,0.42,6,-8.676,0,0.0958,0.13,0.0784,0.0833,0.485,147.621,reggae
878,0.883,0.834,9,-4.572,1,0.0672,0.108,0.0755,0.0522,0.936,133.541,reggae
879,0.823,0.325,8,-12.351,1,0.0762,0.0136,0.00237,0.0871,0.629,80.581,reggae
880,0.832,0.617,6,-7.039,0,0.12,0.0112,3.81e-05,0.0857,0.505,166.361,reggae
881,0.838,0.399,9,-10.927,0,0.114,0.117,0.00431,0.0955,0.591,139.841,reggae
882,0.755,0.378,6,-11.723,0,0.0643,0.00504,0.218,0.394,0.617,140.468,reggae
883,0.719,0.836,8,-6.609,0,0.149,0.0188,0.792,0.0531,0.874,140.314,reggae
884,0.888,0.29,9,-19.184,1,0.12,0.409,4.56e-05,0.124,0.87,143.111,reggae
885,0.714,0.561,10,-12.986,1,0.0421,0.221,0.0,0.116,0.647,96.12,reggae
886,0.869,0.641,6,-6.218,0,0.0401,0.0168,0.000824,0.0624,0.932,134.0,reggae
887,0.62,0.7,0,-7.2,1,0.0607,0.122,0.0,0.0978,0.73,143.716,reggae
888,0.792,0.491,1,-10.331,0,0.293,0.0895,1.09e-05,0.182,0.583,80.717,reggae
889,0.708,0.645,10,-5.225,0,0.29,0.0504,0.0,0.108,0.554,85.293,reggae
890,0.88,0.564,1,-6.431,1,0.0498,0.0796,0.0,0.0565,0.83,99.019,reggae
891,0.787,0.651,11,-9.871,0,0.265,0.00731,0.377,0.392,0.758,169.937,reggae
892,0.703,0.553,5,-9.219,0,0.0564,0.114,0.00494,0.713,0.623,80.986,reggae
893,0.725,0.595,10,-5.652,0,0.232,0.11,9.54e-06,0.0667,0.608,185.033,reggae
894,0.787,0.728,0,-7.705,1,0.218,0.0124,0.0,0.157,0.94,173.026,reggae
895,0.799,0.467,1,-11.541,0,0.0708,0.0476,0.816,0.0915,0.533,140.644,reggae
896,0.874,0.396,10,-10.788,0,0.35,0.172,1.06e-06,0.0957,0.887,133.899,reggae
897,0.795,0.533,11,-8.236,1,0.098,0.0119,0.622,0.106,0.286,77.678,reggae
898,0.917,0.745,7,-4.424,0,0.186,0.258,2.39e-05,0.382,0.935,142.001,reggae
899,0.837,0.382,2,-10.726,1,0.052,0.33,6.14e-05,0.127,0.56,139.042,reggae
900,0.489,0.724,5,-8.367,1,0.0352,0.313,0.185,0.287,0.15,117.292,rock
901,0.377,0.682,7,-8.039,1,0.0299,0.000894,0.00217,0.0504,0.288,108.736,rock
902,0.596,0.605,7,-12.145,1,0.0255,0.181,0.000331,0.0863,0.886,97.798,rock
903,0.55,0.824,2,-5.988,1,0.0334,0.448,0.000127,0.366,0.777,114.512,rock
904,0.333,0.927,9,-8.55,0,0.0733,0.0029,0.000208,0.297,0.385,141.466,rock
905,0.684,0.481,2,-12.59,1,0.0384,0.475,6.57e-05,0.118,0.784,115.078,rock
906,0.445,0.706,8,-9.803,1,0.0461,0.234,0.000252,0.205,0.768,80.823,rock
907,0.338,0.34,9,-12.049,0,0.0339,0.58,0.0032,0.116,0.197,82.433,rock
908,0.596,0.448,5,-9.616,1,0.0396,0.365,5.3e-06,0.206,0.796,83.293,rock
909,0.545,0.64,4,-9.937,0,0.224,0.00249,0.0304,0.196,0.606,80.544,rock
910,0.806,0.462,2,-12.778,1,0.0298,0.78,0.0134,0.15,0.736,92.726,rock
911,0.599,0.79,4,-3.58,1,0.043,0.00257,0.00181,0.312,0.961,103.783,rock
912,0.598,0.676,0,-9.211,1,0.0279,0.13,0.225,0.112,0.805,114.169,rock
913,0.28,0.908,2,-5.509,0,0.109,0.0327,8.85e-06,0.18,0.26,118.698,rock
914,0.261,0.703,6,-7.871,1,0.0414,0.115,0.00078,0.102,0.405,83.495,rock
915,0.429,0.631,4,-11.514,0,0.0769,7.85e-05,0.00411,0.175,0.376,162.734,rock
916,0.55,0.765,7,-8.684,1,0.0287,4.76e-06,0.873,0.132,0.419,139.46,rock
917,0.547,0.691,4,-13.553,0,0.0369,0.015,0.105,0.144,0.667,137.148,rock
918,0.361,0.728,6,-8.519,1,0.0368,0.000291,0.000112,0.0701,0.155,105.768,rock
919,0.543,0.529,7,-9.717,1,0.0301,0.326,0.00269,0.709,0.746,85.126,rock
920,0.536,0.901,9,-7.211,1,0.0374,0.00145,0.0186,0.06,0.666,87.559,rock
921,0.454,0.913,9,-4.008,1,0.107,0.408,0.000271,0.248,0.521,137.688,rock
922,0.484,0.711,2,-7.784,1,0.0331,0.0183,0.173,0.0941,0.49,148.189,rock
923,0.674,0.789,8,-6.903,1,0.0676,0.00178,0.0071,0.0754,0.918,129.804,rock
924,0.438,0.805,8,-6.237,1,0.0624,0.00255,5.69e-05,0.0842,0.564,113.253,rock
925,0.505,0.476,2,-12.897,1,0.0711,0.25,0.00915,0.113,0.542,99.31,rock
926,0.475,0.439,11,-15.039,0,0.0427,0.000146,0.000277,0.223,0.76,118.392,rock
927,0.292,0.823,7,-6.763,1,0.0407,0.0117,7.79e-05,0.155,0.244,89.939,rock
928,0.215,0.927,9,-7.327,1,0.0452,0.000273,0.00661,0.126,0.49,170.814,rock
929,0.726,0.463,0,-7.828,1,0.0799,0.00817,0.447,0.255,0.321,123.881,rock
930,0.39,0.649,2,-5.163,1,0.0345,0.172,0.0,0.216,0.144,121.16,rock
931,0.733,0.726,7,-6.514,1,0.0371,0.379,2.58e-06,0.471,0.915,120.814,rock
932,0.623,0.449,5,-13.333,1,0.0253,0.212,0.0,0.0613,0.572,84.383,rock
933,0.438,0.71,2,-12.412,1,0.0919,0.262,0.537,0.221,0.53,145.928,rock
934,0.645,0.598,1,-13.18,0,0.0335,0.221,3.53e-06,0.0721,0.913,105.929,rock
935,0.67,0.591,7,-6.012,1,0.0646,0.62,0.0,0.373,0.8,91.439,rock
936,0.601,0.574,2,-8.166,1,0.03,0.579,1.14e-05,0.216,0.8,147.964,rock
937,0.653,0.677,0,-12.244,1,0.0396,0.249,0.0,0.403,0.888,114.37,rock
938,0.855,0.691,2,-6.51,1,0.0514,0.144,0.0,0.36,0.647,121.472,rock
939,0.585,0.532,7,-9.673,1,0.0268,0.209,0.00797,0.227,0.68,94.461,rock
940,0.477,0.471,6,-10.036,1,0.0277,0.193,1.76e-06,0.131,0.423,81.204,rock
941,0.666,0.855,9,-5.051,0,0.0295,0.179,1.2e-06,0.0987,0.803,125.639,rock
942,0.572,0.835,0,-6.219,1,0.0317,0.171,0.000377,0.0702,0.795,129.981,rock
943,0.573,0.939,8,-6.441,1,0.0808,0.493,0.0,0.0994,0.963,137.382,rock
944,0.7,0.726,2,-7.717,1,0.0329,0.434,1.1e-06,0.0963,0.641,130.109,rock
945,0.554,0.639,9,-7.163,0,0.0278,0.359,0.00274,0.205,0.644,180.638,rock
946,0.459,0.727,0,-11.777,1,0.0303,0.00614,0.0652,0.384,0.955,149.231,rock
947,0.409,0.92,11,-5.439,0,0.12,0.00719,0.00105,0.0823,0.37,145.085,rock
948,0.276,0.639,2,-11.674,1,0.0471,0.0178,0.0,0.292,0.643,186.502,rock
949,0.53,0.603,9,-4.373,1,0.115,0.0122,0.0196,0.0835,0.549,123.006,rock
950,0.53,0.864,4,-4.948,0,0.061,0.000753,0.000459,0.354,0.484,166.312,rock
951,0.509,0.584,0,-4.907,1,0.057,0.0368,9.96e-05,0.384,0.685,170.411,rock
952,0.362,0.961,2,-5.664,1,0.0857,0.024,9.35e-06,0.159,0.491,164.019,rock
953,0.82,0.452,1,-9.796,1,0.0348,0.543,0.00294,0.0714,0.74,117.401,rock
954,0.478,0.974,7,-3.866,1,0.102,0.000266,0.0984,0.0738,0.268,141.077,rock
955,0.768,0.852,4,-6.215,1,0.038,0.214,7.36e-05,0.0723,0.867,128.373,rock
956,0.473,0.783,10,-10.671,0,0.0869,0.0125,0.475,0.268,0.124,91.976,rock
957,0.811,0.41,9,-8.214,1,0.0391,0.0365,6.63e-06,0.0799,0.626,103.965,rock
958,0.614,0.568,7,-5.477,0,0.0276,0.00797,0.0,0.0997,0.516,107.849,rock
959,0.493,0.586,2,-13.916,1,0.046,0.0202,0.00106,0.102,0.656,113.618,rock
960,0.537,0.701,1,-8.913,0,0.0335,0.0972,0.0,0.0832,0.583,120.919,rock
961,0.492,0.552,7,-12.321,0,0.0341,0.0151,3.74e-05,0.0723,0.655,105.623,rock
962,0.475,0.322,7,-10.687,1,0.0283,0.367,0.00056,0.11,0.387,93.503,rock
963,0.466,0.648,1,-11.101,0,0.028,0.0023,1.49e-05,0.112,0.305,90.435,rock
964,0.608,0.768,1,-9.911,1,0.0364,0.101,1.41e-06,0.0942,0.748,132.699,rock
965,0.355,0.791,8,-7.565,1,0.0453,0.00045,0.0,0.0969,0.758,106.392,rock
966,0.438,0.606,7,-6.549,1,0.0305,0.3,4.49e-06,0.0754,0.266,133.822,rock
967,0.329,0.974,3,-8.77,0,0.135,0.000852,0.000118,0.0904,0.234,140.862,rock
968,0.402,0.597,2,-9.258,1,0.0327,0.0385,2.09e-06,0.109,0.496,81.806,rock
969,0.743,0.836,2,-6.465,1,0.116,0.0804,0.0,0.384,0.82,113.375,rock
970,0.502,0.924,4,-6.299,1,0.0503,0.0127,0.0,0.162,0.922,149.186,rock
971,0.728,0.878,11,-6.926,0,0.0564,0.176,0.856,0.61,0.911,126.59,rock
972,0.55,0.726,2,-8.51,1,0.0516,0.146,0.00608,0.428,0.37,92.697,rock
973,0.404,0.902,1,-3.88,1,0.0665,0.577,0.297,0.287,0.497,115.669,rock
974,0.464,0.795,1,-9.267,1,0.0926,0.0493,0.00244,0.399,0.612,158.691,rock
975,0.389,0.476,9,-9.342,1,0.0316,0.619,5.09e-05,0.255,0.566,148.117,rock
976,0.358,0.893,4,-7.486,0,0.12,0.0222,0.0524,0.126,0.262,174.238,rock
977,0.298,0.799,2,-6.962,0,0.0464,0.000168,9.42e-05,0.496,0.561,143.072,rock
978,0.485,0.328,7,-11.853,1,0.0254,0.00596,0.0032,0.325,0.138,79.766,rock
979,0.55,0.722,11,-11.729,0,0.0283,0.25,0.0129,0.11,0.716,103.886,rock
980,0.723,0.541,0,-14.021,1,0.0303,0.028,0.00339,0.133,0.607,131.675,rock
981,0.408,0.48,9,-11.017,1,0.0266,0.155,1.82e-05,0.0877,0.19,156.344,rock
982,0.356,0.872,2,-7.837,1,0.068,0.00417,0.00975,0.0997,0.607,166.3,rock
983,0.284,0.875,11,-6.069,0,0.0422,0.00752,0.000461,0.402,0.595,75.009,rock
984,0.452,0.818,2,-8.124,1,0.0439,0.135,2.72e-05,0.052,0.755,124.474,rock
985,0.519,0.441,4,-14.178,1,0.0353,0.0204,0.000453,0.076,0.25,81.334,rock
986,0.767,0.787,3,-9.897,1,0.0331,0.0163,0.583,0.0513,0.964,126.879,rock
987,0.628,0.934,11,-6.026,1,0.0527,0.00682,1.11e-05,0.0852,0.491,126.538,rock
988,0.63,0.551,9,-9.28,1,0.0549,0.373,5.75e-05,0.103,0.518,143.868,rock
989,0.354,0.318,2,-9.974,1,0.034,0.343,0.0389,0.113,0.281,81.854,rock
990,0.567,0.559,9,-10.175,1,0.0288,0.00888,0.00131,0.0764,0.898,127.227,rock
991,0.593,0.205,9,-14.601,1,0.0479,0.896,5.46e-05,0.119,0.377,140.279,rock
992,0.384,0.535,9,-9.939,1,0.0289,0.238,0.00045,0.0533,0.232,132.445,rock
993,0.264,0.8,0,-2.427,1,0.0537,0.0195,0.00744,0.406,0.465,155.558,rock
994,0.54,0.423,6,-8.799,1,0.0283,0.294,0.0884,0.152,0.353,150.135,rock
995,0.466,0.833,7,-4.215,1,0.304,0.0266,0.0,0.0327,0.661,88.785,rock
996,0.714,0.937,6,-2.947,1,0.0399,0.206,0.0,0.0731,0.964,124.13,rock
997,0.541,0.459,4,-10.433,0,0.0297,0.189,0.0274,0.099,0.803,171.165,rock
998,0.479,0.601,7,-8.806,1,0.0318,0.0832,0.00142,0.11,0.669,124.966,rock
999,0.637,0.107,5,-18.759,1,0.0349,0.911,0.00146,0.103,0.296,82.879,rock
1000,0.711,0.635,4,-13.168,0,0.0537,0.66,0.96,0.194,0.646,124.034,electronic
1001,0.717,0.46,11,-11.326,0,0.0372,0.0287,0.785,0.0661,0.0961,110.993,electronic
1002,0.776,0.684,5,-8.934,1,0.0367,0.405,0.559,0.0663,0.655,127.979,electronic
1003,0.265,0.588,9,-9.036,1,0.05,0.0762,0.0113,0.128,0.171,112.396,electronic
1004,0.77,0.5,3,-10.275,0,0.0345,0.676,0.00738,0.107,0.256,102.708,electronic
1005,0.542,0.16,7,-21.672,0,0.0365,0.946,0.928,0.263,0.198,126.921,electronic
1006,0.717,0.571,10,-8.473,1,0.0298,0.537,0.386,0.101,0.549,119.989,electronic
1007,0.689,0.874,9,-5.275,0,0.0464,0.0816,0.129,0.272,0.961,121.019,electronic
1008,0.648,0.458,5,-15.169,1,0.0311,0.864,0.0944,0.366,0.0848,119.96,electronic
1009,0.742,0.798,9,-8.263,1,0.0558,0.00346,0.00131,0.259,0.928,128.967,electronic
1010,0.656,0.508,5,-12.805,0,0.0372,0.605,0.902,0.0787,0.103,113.002,electronic
1011,0.631,0.521,4,-10.312,0,0.063,0.0201,0.923,0.103,0.118,84.033,electronic
1012,0.805,0.442,8,-8.357,1,0.0549,0.0684,0.0126,0.14,0.371,111.991,electronic
1013,0.553,0.659,9,-9.281,1,0.0613,0.502,0.859,0.184,0.46,183.815,electronic
1014,0.327,0.425,7,-11.577,0,0.027,0.878,0.000873,0.18,0.165,93.946,electronic
1015,0.632,0.714,6,-13.228,0,0.0411,0.0456,0.651,0.132,0.0641,99.988,electronic
1016,0.575,0.558,7,-13.325,1,0.0375,0.176,0.884,0.128,0.29,119.989,electronic
1017,0.774,0.244,9,-9.748,0,0.0299,0.72,0.915,0.379,0.421,103.464,electronic
1018,0.892,0.388,9,-10.843,0,0.0543,0.386,0.795,0.101,0.356,128.071,electronic
1019,0.356,0.401,11,-14.475,0,0.0467,0.434,0.789,0.176,0.0397,142.945,electronic
1020,0.576,0.953,10,-8.968,1,0.0362,0.00106,0.49,0.474,0.303,140.042,electronic
1021,0.712,0.601,5,-8.968,1,0.062,1.09e-05,0.802,0.0982,0.513,124.912,electronic
1022,0.774,0.794,5,-4.446,0,0.0358,0.00824,0.00317,0.08,0.724,120.002,electronic
1023,0.561,0.33,5,-13.51,1,0.0268,0.76,0.134,0.106,0.378,79.01,electronic
1024,0.434,0.305,7,-18.173,1,0.0364,0.892,0.942,0.111,0.0594,139.878,electronic
1025,0.482,0.457,1,-13.99,0,0.0449,0.406,0.618,0.297,0.202,87.166,electronic
1026,0.76,0.641,0,-9.54,0,0.0374,0.0772,0.897,0.139,0.876,100.978,electronic
1027,0.574,0.539,0,-12.273,1,0.177,0.336,0.00515,0.196,0.507,119.94,electronic
1028,0.615,0.419,11,-8.8,0,0.0395,0.0173,0.497,0.135,0.216,76.997,electronic
1029,0.836,0.399,1,-14.917,1,0.0636,0.0613,0.674,0.243,0.437,91.917,electronic
1030,0.808,0.837,9,-6.583,0,0.046,0.238,0.86,0.0624,0.653,92.002,electronic
1031,0.733,0.561,0,-10.687,0,0.0464,0.575,0.872,0.131,0.568,94.999,electronic
1032,0.44,0.488,0,-11.969,1,0.0391,0.344,0.592,0.123,0.152,115.08,electronic
1033,0.48,0.676,4,-7.727,0,0.0631,0.00996,0.642,0.116,0.199,144.514,electronic
1034,0.758,0.746,7,-11.39,1,0.0639,0.0997,0.0613,0.151,0.212,142.994,electronic
1035,0.717,0.621,11,-11.855,1,0.0536,0.675,0.926,0.111,0.224,118.977,electronic
1036,0.486,0.689,4,-7.735,1,0.028,0.0131,0.579,0.0759,0.573,100.003,electronic
1037,0.614,0.447,10,-12.579,0,0.0475,0.0743,0.826,0.117,0.377,165.051,electronic
1038,0.466,0.51,1,-14.373,1,0.0715,0.92,0.719,0.105,0.187,117.316,electronic
1039,0.771,0.492,0,-8.568,1,0.0532,0.147,0.638,0.1,0.601,85.987,electronic
1040,0.885,0.485,10,-9.299,1,0.0872,0.0868,0.79,0.0883,0.67,106.394,electronic
1041,0.69,0.32,11,-13.055,0,0.0588,0.115,0.953,0.088,0.494,158.008,electronic
1042,0.761,0.775,3,-7.495,0,0.0339,0.00698,0.000543,0.0512,0.966,123.017,electronic
1043,0.327,0.659,1,-8.338,1,0.0343,0.015,0.516,0.115,0.0384,116.385,electronic
1044,0.271,0.486,0,-11.956,0,0.0407,0.351,0.156,0.0894,0.31,179.826,electronic
1045,0.699,0.909,5,-6.72,0,0.236,0.13,0.000195,0.34,0.691,171.877,electronic
1046,0.535,0.761,11,-7.589,0,0.0373,0.0165,0.114,0.0485,0.248,149.968,electronic
1047,0.574,0.88,2,-7.045,0,0.035,0.0208,0.0287,0.193,0.857,96.008,electronic
1048,0.741,0.853,4,-10.141,0,0.0406,0.00706,0.831,0.0757,0.124,123.998,electronic
1049,0.577,0.729,11,-14.376,0,0.0319,0.0953,0.928,0.184,0.177,126.988,electronic
1050,0.714,0.721,9,-5.049,1,0.0783,0.273,0.245,0.174,0.415,83.021,electronic
1051,0.804,0.406,7,-11.154,0,0.0472,0.023,0.837,0.106,0.124,120.012,electronic
1052,0.684,0.684,1,-13.337,1,0.0418,0.385,0.29,0.106,0.616,113.988,electronic
1053,0.604,0.952,10,-3.423,0,0.0373,0.177,0.881,0.0874,0.505,112.844,electronic
1054,0.84,0.532,10,-10.569,0,0.0469,0.0134,0.188,0.128,0.525,110.998,electronic
1055,0.716,0.33,4,-12.724,0,0.11,0.535,0.877,0.642,0.39,95.907,electronic
1056,0.524,0.771,4,-5.961,0,0.0321,0.00994,8.3e-06,0.187,0.705,120.336,electronic
1057,0.711,0.927,2,-8.194,1,0.0374,0.00046,0.832,0.0506,0.46,132.029,electronic
1058,0.716,0.914,7,-6.907,0,0.0341,0.00542,0.000218,0.0504,0.69,118.579,electronic
1059,0.634,0.479,2,-12.671,1,0.0314,0.271,0.916,0.0949,0.11,115.027,electronic
1060,0.781,0.18,1,-9.52,1,0.0719,0.0475,0.923,0.229,0.189,89.994,electronic
1061,0.574,0.302,1,-17.991,1,0.0559,0.989,0.94,0.116,0.428,184.013,electronic
1062,0.593,0.509,4,-12.042,0,0.0626,0.107,0.893,0.277,0.0769,190.028,electronic
1063,0.587,0.678,1,-8.651,0,0.0524,0.0319,0.16,0.116,0.429,169.947,electronic
1064,0.632,0.92,2,-4.976,1,0.0531,0.119,0.508,0.114,0.363,127.001,electronic
1065,0.838,0.718,0,-9.73,0,0.0305,0.408,0.677,0.113,0.929,111.98,electronic
1066,0.795,0.709,2,-5.928,1,0.0499,0.0108,0.695,0.105,0.279,100.492,electronic
1067,0.657,0.692,7,-10.121,1,0.0526,0.0286,0.894,0.11,0.164,136.995,electronic
1068,0.51,0.434,1,-10.004,1,0.0361,0.177,0.516,0.0603,0.207,119.695,electronic
1069,0.816,0.635,10,-8.354,0,0.0517,0.105,0.846,0.105,0.307,124.005,electronic
1070,0.786,0.536,1,-12.972,0,0.0599,0.000267,0.898,0.0817,0.0921,123.958,electronic
1071,0.604,0.6,0,-8.13,1,0.0595,0.0725,0.4,0.0983,0.638,86.182,electronic
1072,0.822,0.655,9,-8.316,1,0.0363,0.205,0.000535,0.1,0.518,106.977,electronic
1073,0.896,0.765,3,-7.335,0,0.0419,0.153,0.635,0.114,0.657,120.003,electronic
1074,0.658,0.714,6,-4.84,1,0.18,0.00458,0.00725,0.0914,0.829,97.104,electronic
1075,0.794,0.307,3,-15.629,0,0.0486,0.674,0.935,0.0954,0.171,119.994,electronic
1076,0.737,0.436,7,-9.146,1,0.0555,0.161,0.106,0.16,0.36,83.022,electronic
1077,0.69,0.656,7,-10.46,1,0.0753,0.619,0.364,0.115,0.611,99.997,electronic
1078,0.635,0.655,0,-9.521,1,0.0484,0.15,0.553,0.129,0.271,91.026,electronic
1079,0.649,0.753,8,-4.874,1,0.0319,0.0209,5.84e-05,0.105,0.46,87.989,electronic
1080,0.558,0.723,0,-11.214,0,0.0312,0.00405,0.501,0.0863,0.526,102.833,electronic
1081,0.63,0.918,10,-5.068,0,0.0413,0.000322,0.635,0.0786,0.468,126.321,electronic
1082,0.525,0.138,5,-23.333,0,0.0433,0.971,0.858,0.105,0.267,161.957,electronic
1083,0.772,0.451,0,-12.242,1,0.0551,0.501,0.7,0.213,0.558,96.086,electronic
1084,0.661,0.542,6,-18.465,0,0.0405,0.01,0.269,0.129,0.541,104.99,electronic
1085,0.792,0.599,3,-13.647,1,0.141,0.316,0.931,0.111,0.57,93.994,electronic
1086,0.839,0.951,5,-9.121,1,0.0486,0.055,0.848,0.267,0.933,143.022,electronic
1087,0.952,0.435,8,-13.601,0,0.072,0.764,0.899,0.131,0.271,113.243,electronic
1088,0.52,0.304,11,-15.255,0,0.0284,0.816,0.366,0.0948,0.0392,103.981,electronic
1089,0.403,0.743,0,-5.254,1,0.0447,6.46e-05,7.52e-05,0.526,0.392,136.013,electronic
1090,0.52,0.561,5,-7.95,1,0.0255,0.00807,0.485,0.142,0.421,92.999,electronic
1091,0.571,0.542,10,-9.033,0,0.0304,0.727,0.0339,0.373,0.539,158.001,electronic
1092,0.566,0.468,8,-8.959,0,0.0468,0.796,0.903,0.216,0.0798,154.997,electronic
1093,0.747,0.68,1,-6.187,1,0.0346,0.0107,0.803,0.0964,0.594,93.804,electronic
1094,0.61,0.853,4,-11.853,0,0.082,0.00817,0.0524,0.0931,0.669,171.983,electronic
1095,0.751,0.61,5,-14.946,1,0.043,0.0139,0.913,0.089,0.0375,125.237,electronic
1096,0.553,0.7,0,-7.169,1,0.0274,0.476,0.0142,0.0756,0.476,92.042,electronic
1097,0.456,0.635,8,-10.467,1,0.0507,0.131,0.000341,0.155,0.0751,164.999,electronic
1098,0.457,0.835,1,-4.359,0,0.0385,0.00122,0.522,0.0929,0.185,170.455,electronic
1099,0.344,0.491,9,-9.278,1,0.0362,0.0836,0.776,0.127,0.101,150.154,electronic
